id,TRUE,predict,AE,MAE
582,1.230448961,1.41974473,0.189295769,0.057
3761,1.544068098,1.409594774,0.134473324,
5464,1.69896996,1.691298485,0.007671475,
4808,1.462398052,1.510167122,0.04776907,
9980,1.77085197,1.807462692,0.036610723,
7813,1.579783559,1.410442472,0.169341087,
4523,1.612783909,1.444717407,0.168066502,
6836,1.447157979,1.412815332,0.034342647,
4313,1.986771703,1.902513981,0.084257722,
5621,1.146128058,1.258719206,0.112591147,
3967,1.857332468,1.936190248,0.07885778,
8994,1.732393742,1.716619253,0.015774488,
6575,1.623249292,1.55845654,0.064792752,
10713,1.255272508,1.406533122,0.151260614,
2920,0.30103001,0.594714224,0.293684214,
10530,1.518513918,1.470940232,0.047573686,
8940,1.724275827,1.676722288,0.047553539,
7594,1.361727834,1.493294954,0.131567121,
6230,1.146128058,1.158371925,0.012243867,
150,1.477121234,1.429179788,0.047941446,
9344,1.230448961,1.240136862,0.009687901,
2068,1.491361737,1.474760771,0.016600966,
10268,1.447157979,1.475341082,0.028183103,
6079,1.361727834,1.387369752,0.025641918,
4816,0,0.049502134,0.049502134,
1373,0.954242527,1.10660708,0.152364552,
8569,1.707570195,1.749146461,0.041576266,
10660,1.949390054,1.856653094,0.092736959,
8507,2.064457893,2.114656925,0.050199032,
2299,1.477121234,1.424589753,0.052531481,
10185,1.579783559,1.453813076,0.125970483,
3016,2.136720657,2.163898945,0.027178288,
6902,1.278753638,1.471449733,0.192696095,
5629,1.724275827,1.686055422,0.038220406,
8647,0.30103001,0.234421015,0.066608995,
10912,0,1.583094478,1.583094478,
805,1.740362644,1.669767499,0.070595145,
7137,1.544068098,1.356858611,0.187209487,
8714,1.531478882,1.358694911,0.172783971,
7140,1.633468509,1.584031463,0.049437046,
7778,1.079181194,1.551902771,0.472721577,
1855,1.39794004,1.313460827,0.084479213,
712,1.146128058,1.112389445,0.033738613,
2985,2.110589743,2.01048255,0.100107193,
2535,1.518513918,1.418892741,0.099621177,
3781,1.531478882,1.522920012,0.008558869,
5403,1.361727834,1.493295312,0.131567478,
3660,1.20412004,1.233678818,0.029558778,
10642,1.799340606,1.909422159,0.110081553,
7964,1.447157979,1.731687188,0.284529209,
7111,0.90309,0.805035591,0.098054409,
4129,1.30103004,1.314938903,0.013908863,
980,1.518513918,1.539685965,0.021172047,
8463,1.20412004,1.079543233,0.124576807,
8460,0.477121264,0.569781423,0.092660159,
4225,1.380211234,1.343742609,0.036468625,
4956,1.30103004,1.849542856,0.548512816,
5048,1.653212547,1.684358358,0.031145811,
3162,1.322219253,1.322006941,0.000212312,
9401,1.230448961,1.214086533,0.016362429,
9844,2.004321337,1.842316985,0.162004352,
8151,1.380211234,1.391876698,0.011665463,
5329,1.39794004,1.482324243,0.084384203,
10690,1.556302547,1.435436964,0.120865583,
8628,1.556302547,1.63084507,0.074542522,
3156,2.181843519,2.260181904,0.078338385,
10458,1.707570195,1.773507953,0.065937757,
4891,1.740362644,1.714539528,0.025823116,
1679,0.778151274,0.760430872,0.017720401,
7345,1.380211234,1.36689961,0.013311625,
8547,2.037426472,2.028495312,0.00893116,
8674,1.869231701,1.873496771,0.00426507,
616,0.845098019,0.689171255,0.155926764,
8643,1.982271194,1.941674113,0.040597081,
7014,1.77085197,1.743181825,0.027670145,
487,1.20412004,1.180541635,0.023578405,
2520,1.612783909,1.443951607,0.168832302,
9218,0.845098019,1.232710242,0.387612224,
3959,1.763427973,1.669774175,0.093653798,
10766,1.39794004,1.108925581,0.289014459,
9559,1,1.170758367,0.170758367,
7400,2.041392803,1.925495625,0.115897179,
1898,1.929418921,1.883105278,0.046313643,
5194,1.863322854,1.869364381,0.006041527,
4167,1.176091313,1.44113493,0.265043616,
5420,1.322219253,1.448107243,0.12588799,
7253,1.623249292,1.789710999,0.166461706,
1947,1.278753638,1.263497114,0.015256524,
1624,1.230448961,1.397368908,0.166919947,
1147,0.30103001,0.173398852,0.127631158,
8605,1.556302547,1.567891121,0.011588573,
7639,1.462398052,1.472128391,0.009730339,
7276,1.963787794,1.943995476,0.019792318,
8822,1.176091313,1.122644067,0.053447247,
5826,1.591064572,1.716681719,0.125617146,
1292,1,1.064292789,0.064292789,
8199,1.431363821,1.310484648,0.120879173,
7421,0.845098019,0.812701225,0.032396793,
2258,1.544068098,1.500231504,0.043836594,
923,1.929418921,1.897788882,0.031630039,
8304,1.973127842,2.012214661,0.039086819,
3472,1.176091313,0.917508781,0.258582532,
9778,1.39794004,1.497277617,0.099337578,
7423,0.69897002,0.948593616,0.249623597,
9396,1.959041357,1.848044872,0.110996485,
10727,1.322219253,1.378425479,0.056206226,
1807,1.623249292,1.622214317,0.001034975,
3251,1.462398052,1.497860074,0.035462022,
7160,1.544068098,1.505850434,0.038217664,
7492,1.857332468,2.052801609,0.195469141,
2020,1.724275827,1.832155108,0.107879281,
4924,1.079181194,1.300134897,0.220953703,
9388,0.90309,1.055908442,0.152818441,
3538,1.880813599,1.782424212,0.098389387,
10902,1.380211234,1.596745849,0.216534615,
3527,0.845098019,0.818680465,0.026417553,
4852,1.919078112,1.836627126,0.082450986,
13,2.07188201,2.037425041,0.034456968,
1156,1.643452644,1.583977222,0.059475422,
1409,0.845098019,0.783212304,0.061885715,
1629,1.929418921,1.823593378,0.105825543,
763,1.740362644,1.689641237,0.050721407,
5707,1.80618,1.626214027,0.179965973,
9791,1.544068098,1.524696589,0.01937151,
7929,1.944482684,2.144645452,0.200162768,
7741,1.857332468,1.963285804,0.105953336,
3152,1.230448961,1.578305125,0.347856164,
390,1.39794004,1.298776984,0.099163055,
3291,2.243037939,2.19899416,0.044043779,
2839,1.892094612,1.788938999,0.103155613,
1799,1.812913299,1.72891891,0.083994389,
10832,1.963787794,1.932916284,0.030871511,
8498,1.799340606,1.734511852,0.064828753,
7601,1.30103004,1.096271038,0.204759002,
3112,0.90309,1.302914739,0.399824739,
8461,1.041392684,1.338708997,0.297316313,
6895,1.278753638,1.347252369,0.068498731,
10440,1.505149961,1.219410896,0.285739064,
1444,1.380211234,1.408769846,0.028558612,
970,2.146127939,1.912675619,0.23345232,
2551,1.90309,1.912403822,0.009313822,
1431,1.176091313,1.4508394,0.274748087,
6088,1.39794004,1.512295246,0.114355206,
2892,1.963787794,1.82098639,0.142801404,
5086,2.045322895,2.132915497,0.087592602,
7705,1.579783559,1.708165169,0.12838161,
8444,2.380211353,2.38684845,0.006637096,
7133,1.322219253,1.337550163,0.015330911,
437,1.60205996,1.630235672,0.028175712,
1394,1.633468509,1.650137901,0.016669393,
5054,1.690196037,1.61958921,0.070606828,
3384,1.20412004,1.311370015,0.107249975,
74,1.579783559,1.66410625,0.084322691,
3473,1.732393742,1.653137207,0.079256535,
983,1.447157979,1.370294213,0.076863766,
815,1.278753638,1.473295808,0.19454217,
10037,1.672097802,1.75075388,0.078656077,
7321,1.60205996,1.644170642,0.042110682,
83,1.812913299,1.806005239,0.006908059,
4349,1.30103004,1.281883717,0.019146323,
3226,2.209515095,2.299426556,0.089911461,
4844,1.230448961,1.466628909,0.236179948,
5300,2.09691,2.035226107,0.061683893,
7616,1.851258397,1.873684645,0.022426248,
9052,1.623249292,1.67795372,0.054704428,
8433,1.612783909,1.613406301,0.000622392,
7274,1.041392684,1.372368336,0.330975652,
8812,1.60205996,1.794660449,0.192600489,
5947,1.39794004,1.471027136,0.073087096,
9202,1.875061274,1.835303903,0.039757371,
767,1.690196037,1.563675523,0.126520514,
625,1.69896996,1.656705022,0.042264938,
3754,1.361727834,1.413052917,0.051325083,
2865,1.672097802,1.574826002,0.0972718,
8510,1.447157979,1.261970043,0.185187936,
2274,0.954242527,0.761321783,0.192920744,
3684,2.008600235,2.053277493,0.044677258,
2084,1.826074839,1.771301985,0.054772854,
2493,2.045322895,2.038871765,0.00645113,
1906,1.819543958,1.863922954,0.044378996,
5697,1.672097802,1.627500653,0.044597149,
8169,1.556302547,1.135756612,0.420545936,
347,1.785329819,1.779109716,0.006220102,
3975,1.908485055,1.822318316,0.086166739,
8806,1.113943338,1.36883533,0.254891992,
2973,1.447157979,1.395363092,0.051794887,
2852,1.255272508,1.273356438,0.01808393,
3372,1.30103004,1.243062139,0.057967901,
5803,2.086359739,2.12218833,0.03582859,
6010,0.778151274,0.815759599,0.037608325,
8503,1.80618,1.939219952,0.133039951,
1203,1.39794004,1.309255838,0.088684201,
8966,1.579783559,1.407035112,0.172748446,
7225,1.342422724,1.127789378,0.214633346,
6317,1.77085197,1.722265124,0.048586845,
7286,1.230448961,1.167969465,0.062479496,
6887,1.518513918,1.529059291,0.010545373,
6524,1.892094612,1.890754342,0.00134027,
9330,1.176091313,1.142029524,0.03406179,
4966,1.556302547,1.845697641,0.289395094,
6721,1.255272508,1.294684768,0.03941226,
5070,1.863322854,1.434619904,0.42870295,
1510,1.69896996,1.717289567,0.018319607,
6848,1.954242468,1.945057034,0.009185433,
3697,1.845098019,1.810377002,0.034721017,
8854,1,1.273855925,0.273855925,
1892,1.778151274,1.69510901,0.083042264,
1586,0.778151274,0.730944037,0.047207236,
4147,1.477121234,1.546970487,0.069849253,
4505,1.414973378,1.511600494,0.096627116,
6208,1.342422724,1.518567085,0.176144361,
7382,0.90309,0.962824285,0.059734285,
8496,1.462398052,1.479747176,0.017349124,
1049,0.60206002,0.795934558,0.193874538,
3133,1.995635152,1.995140076,0.000495076,
5909,1.20412004,1.256871104,0.052751064,
2380,2.28555727,2.254065514,0.031491756,
7749,1.39794004,1.376310349,0.021629691,
659,1.863322854,1.847617984,0.01570487,
337,1.977723598,2.017247438,0.03952384,
4243,1.672097802,1.484801054,0.187296748,
1927,1.623249292,1.700199485,0.076950192,
4667,1.113943338,1.103931069,0.010012269,
2067,1.531478882,1.523896337,0.007582545,
9840,1.69896996,1.584829807,0.114140153,
8230,1.230448961,1.222581148,0.007867813,
2481,1.431363821,1.516574979,0.085211158,
949,1.995635152,2.097777367,0.102142215,
2153,1.819543958,1.834112167,0.01456821,
1673,1.361727834,1.340399623,0.021328211,
10796,2.07188201,2.026207209,0.045674801,
4585,1.230448961,1.381944537,0.151495576,
2989,1.80618,1.910718322,0.104538321,
5102,1.851258397,1.820268393,0.030990005,
5423,1.113943338,1.19090271,0.076959372,
9721,1.431363821,1.510276914,0.078913093,
10842,1.322219253,1.5680933,0.245874047,
5337,1.799340606,1.788981676,0.01035893,
1825,1.414973378,1.301372528,0.11360085,
3427,1.60205996,1.541969538,0.060090423,
6479,1.113943338,1.334731579,0.22078824,
7282,1.939519286,2.014141083,0.074621797,
10230,2.068185806,2.005934477,0.062251329,
8649,1,1.348650336,0.348650336,
5968,1.39794004,1.409817815,0.011877775,
7072,1.491361737,1.464899778,0.026461959,
6344,1.361727834,1.296175838,0.065551996,
8259,1.462398052,1.202087283,0.260310769,
482,1.826074839,1.874531031,0.048456192,
8969,1.176091313,0.989219546,0.186871767,
2227,1.414973378,1.129716516,0.285256863,
1054,1.80618,1.766250014,0.039929986,
7688,2.274157763,2.21722436,0.056933403,
4001,1.944482684,1.9395473,0.004935384,
10055,2.079181194,2.029192924,0.04998827,
5555,2.033423662,2.003839016,0.029584646,
10405,1.39794004,1.28667593,0.11126411,
10746,1,1.041011572,0.041011572,
6873,1.612783909,1.682337999,0.06955409,
10891,1,1.153479099,0.153479099,
2168,1.812913299,1.839498043,0.026584744,
6058,1.949390054,1.904900074,0.04448998,
8445,1.897627115,1.828333974,0.069293141,
8139,2.021189213,2.019277096,0.001912117,
8764,0.954242527,0.999477983,0.045235455,
10962,1.812913299,1.709476709,0.103436589,
5698,1.146128058,1.331462264,0.185334206,
318,2.161367893,2.163495779,0.002127886,
2394,1.477121234,1.344545841,0.132575393,
8361,1.20412004,1.18144691,0.02267313,
6829,1.732393742,1.670190692,0.06220305,
602,1.832508922,1.762304544,0.070204377,
3709,1.20412004,1.179764628,0.024355412,
9253,1.740362644,1.677471042,0.062891603,
7221,1.414973378,1.472420931,0.057447553,
8298,1.643452644,1.745317221,0.101864576,
10528,1.113943338,0.891978085,0.221965253,
10126,1.724275827,1.845117927,0.120842099,
5027,1.763427973,1.758503318,0.004924655,
5917,1.681241274,1.697489262,0.016247988,
3916,1.579783559,1.432027578,0.14775598,
1519,1.462398052,1.506733418,0.044335365,
9873,1.869231701,1.839541435,0.029690266,
9488,1.857332468,1.858049035,0.000716567,
8597,1.60205996,1.252455235,0.349604726,
6181,1.924279332,1.918486476,0.005792856,
1469,1.963787794,1.896867514,0.06692028,
6428,1.380211234,1.406191468,0.025980234,
863,1.56820178,1.55665803,0.011543751,
5362,1.544068098,1.306499243,0.237568855,
5247,1.230448961,1.370340824,0.139891863,
7178,1.716003299,1.688640833,0.027362466,
4698,1.146128058,1.100621462,0.045506597,
2967,1.56820178,1.583457232,0.015255451,
4776,0,0.09771502,0.09771502,
10535,2.190331697,2.12059164,0.069740057,
6119,1.973127842,1.861128211,0.111999631,
1341,0.69897002,1.209372044,0.510402024,
7034,1.342422724,1.272607446,0.069815278,
10723,1.724275827,1.858816385,0.134540558,
8612,1.60205996,1.749809504,0.147749543,
53,1.707570195,1.752488375,0.04491818,
2150,1.505149961,1.560921431,0.05577147,
3495,1.949390054,1.962529659,0.013139606,
9533,1.707570195,1.678864479,0.028705716,
10231,2.572871685,2.197871685,0.375,
10145,1.643452644,1.748165011,0.104712367,
5783,1.949390054,1.986102223,0.03671217,
5861,2.037426472,2.001358509,0.036067963,
881,1.20412004,1.034222007,0.169898033,
5094,1.505149961,1.483985662,0.021164298,
6603,1.897627115,1.819988012,0.077639103,
3481,1.716003299,1.53680253,0.179200768,
9216,1.20412004,1.663212657,0.459092617,
6718,1.544068098,1.545438766,0.001370668,
7088,1.968482971,1.958468795,0.010014176,
5283,1.477121234,1.494812727,0.017691493,
2485,1.954242468,1.769707322,0.184535146,
5322,1.799340606,1.784045935,0.015294671,
10484,1.707570195,1.703319907,0.004250288,
9853,1.041392684,1.237727404,0.19633472,
5447,1.447157979,1.425519228,0.021638751,
7226,1.230448961,1.343212128,0.112763166,
9515,1.20412004,1.27516675,0.07104671,
907,1.77085197,1.721215606,0.049636364,
5265,1.176091313,1.215790629,0.039699316,
4347,1.230448961,1.157828569,0.072620392,
10561,1.255272508,1.029164791,0.226107717,
1454,1.477121234,1.457509995,0.019611239,
7635,1.778151274,1.843752384,0.06560111,
2608,1.477121234,1.474626184,0.00249505,
8931,1.672097802,1.851067901,0.178970098,
7383,1.544068098,1.582494617,0.038426518,
2866,1.447157979,1.512386918,0.065228939,
1293,1.380211234,1.390380979,0.010169744,
6003,1.491361737,1.554393291,0.063031554,
27,1.707570195,1.721800566,0.014230371,
6032,0,1.031148195,1.031148195,
6000,1.851258397,1.889667988,0.038409591,
3740,1.826074839,1.711315751,0.114759088,
5409,1,1.16984129,0.16984129,
4463,1.732393742,1.656164765,0.076228976,
3334,2.07554698,2.154716015,0.079169035,
4870,1.60205996,1.397180676,0.204879284,
3968,1.857332468,1.835985899,0.021346569,
6717,1.934498429,1.884109497,0.050388932,
6025,1.041392684,1.085251451,0.043858767,
2966,1.39794004,1.311077356,0.086862683,
6455,1.342422724,1.300926805,0.041495919,
1554,2.037426472,1.939184427,0.098242044,
6443,1.944482684,1.893009663,0.051473022,
3531,1.591064572,1.584914446,0.006150126,
286,1.146128058,1.241576791,0.095448732,
5492,1.612783909,1.589814782,0.022969127,
5976,1.755874872,1.705005646,0.050869226,
8101,1.857332468,1.789564729,0.067767739,
3753,2.120573997,2.089938641,0.030635357,
5313,1.653212547,1.61808753,0.035125017,
310,1.491361737,1.48026073,0.011101007,
290,1.60205996,1.61317718,0.01111722,
4977,1.838849068,1.833263993,0.005585074,
5416,1.863322854,1.783400893,0.079921961,
652,1.342422724,1.432452679,0.090029955,
6566,1.77085197,1.83079505,0.05994308,
2754,1.477121234,1.376135826,0.100985408,
9084,1.447157979,1.343245625,0.103912354,
151,1.944482684,1.835923791,0.108558893,
7633,1.113943338,1.299711108,0.18576777,
5539,0.477121264,0.69684273,0.219721466,
2552,1.80618,1.770632505,0.035547495,
5834,1.39794004,1.423802257,0.025862217,
4356,2.240549326,2.25065136,0.010102034,
1944,1.838849068,1.77555728,0.063291788,
4055,1.838849068,1.806487322,0.032361746,
3944,1.672097802,1.626532316,0.045565486,
5279,1.732393742,1.667823076,0.064570665,
2986,1.799340606,1.685633659,0.113706946,
6790,2.041392803,1.958442211,0.082950592,
3853,1.079181194,1.135702014,0.05652082,
4265,1.755874872,1.767553806,0.011678934,
2004,1.505149961,1.690979958,0.185829997,
4703,1.56820178,1.50684464,0.061357141,
5020,1.518513918,1.577322602,0.058808684,
8182,1.838849068,1.778692365,0.060156703,
6402,1.113943338,1.111371875,0.002571464,
7165,1.681241274,1.682266951,0.001025677,
6432,1.505149961,1.607442737,0.102292776,
1356,0.845098019,0.881959319,0.0368613,
2366,1.505149961,1.51819694,0.01304698,
8270,0.60206002,0.776394129,0.174334109,
7599,1.799340606,1.874832153,0.075491548,
3277,1.944482684,1.961155295,0.016672611,
6202,1.431363821,1.40711832,0.024245501,
7002,1.491361737,1.447337985,0.044023752,
3589,1.255272508,1.338486671,0.083214164,
934,1.230448961,1.252452731,0.02200377,
3522,1.623249292,1.58283937,0.040409923,
6407,1.113943338,1.345289588,0.23134625,
6473,1.230448961,1.353294492,0.122845531,
441,1.716003299,1.641400695,0.074602604,
2160,0.954242527,1.078069568,0.12382704,
1171,1.919078112,1.940209866,0.021131754,
374,1.995635152,2.030553341,0.034918189,
6130,1.380211234,1.356579423,0.023631811,
7719,1.591064572,1.419330597,0.171733975,
5615,1.939519286,1.914021492,0.025497794,
8099,1.681241274,1.76299274,0.081751466,
5666,1.531478882,1.562245965,0.030767083,
10245,1.079181194,1.357502699,0.278321505,
4670,1.079181194,1.199237585,0.120056391,
1716,1.447157979,1.426047802,0.021110177,
5817,1.662757874,1.652782798,0.009975076,
4750,1.991226077,1.95314002,0.038086057,
8743,1.732393742,1.579333425,0.153060317,
6105,1.518513918,1.813217878,0.29470396,
1284,1.518513918,1.341245413,0.177268505,
7607,1.690196037,1.814189672,0.123993635,
5354,1.56820178,1.56670785,0.001493931,
2806,1.39794004,1.443206549,0.045266509,
6248,1.447157979,1.369768739,0.07738924,
7194,2.411619663,2.356785297,0.054834366,
9044,1.707570195,1.703867555,0.003702641,
10438,2.060697794,1.883319139,0.177378654,
8781,1.724275827,1.731863499,0.007587671,
7030,0.90309,0.955012798,0.051922798,
1761,1.929418921,1.927430511,0.001988411,
5165,1.838849068,1.963825226,0.124976158,
285,1.176091313,1.455438018,0.279346704,
6399,1.518513918,1.238769531,0.279744387,
9929,1.505149961,1.607722402,0.102572441,
9295,1.623249292,1.630370021,0.007120728,
8000,1.113943338,0.993447304,0.120496035,
462,2.127104759,2.07231164,0.054793119,
4482,1.579783559,1.595859528,0.016075969,
850,1.230448961,1.289057136,0.058608174,
1215,1.322219253,1.239644051,0.082575202,
5520,1.146128058,0.997325838,0.148802221,
7955,1.342422724,1.334343076,0.008079648,
3022,1.477121234,1.375567198,0.101554036,
544,0.69897002,0.81852448,0.11955446,
3940,2.049217939,1.981037855,0.068180084,
6107,1.556302547,1.55797863,0.001676083,
2987,1.431363821,1.61673069,0.185366869,
4983,1.908485055,1.870681524,0.037803531,
5068,1.748188019,1.623096228,0.125091791,
38,2.060697794,1.96642375,0.094274044,
4629,1.176091313,1.297805786,0.121714473,
9328,1.863322854,1.923171759,0.059848905,
9599,0.845098019,0.750145793,0.094952226,
3801,1.707570195,1.831928968,0.124358773,
6113,0.845098019,0.986836016,0.141737998,
5767,1,1.189052343,0.189052343,
5579,2.021189213,2.047855854,0.026666641,
10575,1.579783559,1.94227016,0.362486601,
7247,1.785329819,1.616715789,0.16861403,
8783,1.414973378,1.794583797,0.379610419,
7149,1.799340606,1.816802621,0.017462015,
6347,1.255272508,1.013340235,0.241932273,
1026,0.60206002,0.668426812,0.066366792,
6519,1.623249292,1.514270544,0.108978748,
1768,0.954242527,1.123887777,0.16964525,
9946,1.518513918,1.676400781,0.157886863,
6614,1.30103004,1.214829326,0.086200714,
3276,1.414973378,1.35327363,0.061699748,
9469,1.39794004,1.510901451,0.112961411,
3936,1.963787794,1.889415145,0.074372649,
6416,0.90309,1.283782721,0.38069272,
3144,1.77085197,1.778150558,0.007298589,
612,1.56820178,1.495946407,0.072255373,
3181,1.113943338,1.21943748,0.105494142,
880,1.491361737,1.465596318,0.025765419,
9196,1.732393742,1.754863858,0.022470117,
8221,1.934498429,2.004815817,0.070317388,
8588,1.90309,1.906830311,0.003740311,
1846,0.954242527,0.910740674,0.043501854,
4348,1.662757874,1.672585249,0.009827375,
6419,1.278753638,1.022916317,0.255837321,
564,1.707570195,1.513082027,0.194488168,
1308,1.69896996,1.686829805,0.012140155,
4455,1.544068098,1.565484524,0.021416426,
9850,0.90309,1.287620783,0.384530783,
7868,1.041392684,1.287494659,0.246101975,
10597,1,1.776054502,0.776054502,
2592,1.672097802,1.578455448,0.093642354,
1361,2.07188201,2.007621765,0.064260244,
1039,0.30103001,0.47817266,0.17714265,
2494,1.146128058,1.335322857,0.189194798,
5061,2.093421698,2.013822079,0.079599619,
7116,0.30103001,0.606937349,0.305907339,
6581,1.832508922,1.958215117,0.125706196,
8799,1.69896996,1.676162124,0.022807837,
2843,1.361727834,1.388673902,0.026946068,
3793,1.544068098,1.460246801,0.083821297,
8556,0.845098019,0.682689786,0.162408233,
5363,2.07188201,2.112589836,0.040707827,
2087,1,1.1715765,0.1715765,
8090,1.39794004,1.754063725,0.356123686,
6962,1.944482684,1.848723531,0.095759153,
1800,1.20412004,1.303541899,0.099421859,
3180,1.785329819,1.766118646,0.019211173,
8973,1.963787794,1.944861412,0.018926382,
8141,0.845098019,0.786655784,0.058442235,
2665,1.255272508,1.15714252,0.098129988,
2802,1.447157979,1.45085454,0.003696561,
5006,1.755874872,1.676099539,0.079775333,
10924,2.004321337,1.911594391,0.092726946,
4713,1.255272508,1.275742292,0.020469785,
8768,1.643452644,1.633644223,0.009808421,
5952,1.949390054,1.84091723,0.108472824,
10806,1.462398052,1.600385547,0.137987494,
9755,0.954242527,0.869890451,0.084352076,
3685,2.012837172,1.991815329,0.021021843,
1714,1.919078112,1.978451729,0.059373617,
1988,1.544068098,1.600631118,0.05656302,
4848,1.954242468,1.958279848,0.00403738,
1445,1.342422724,1.207688093,0.134734631,
5487,1.30103004,1.602722168,0.301692128,
541,1.39794004,1.44999826,0.05205822,
2209,1.414973378,1.388611913,0.026361465,
6733,1.819543958,1.783708453,0.035835505,
6210,1.785329819,1.802505732,0.017175913,
7144,1.462398052,1.4656533,0.003255248,
412,1.748188019,1.713065147,0.035122871,
3389,1.897627115,1.834195852,0.063431263,
8467,1.361727834,1.213282585,0.148445249,
1355,1.278753638,0.98415035,0.294603288,
1245,1,0.956809998,0.043190002,
9751,1.672097802,1.637368321,0.034729481,
9001,2.103803635,2.127325535,0.0235219,
2796,2.262451172,2.25624299,0.006208181,
7559,1.278753638,1.441770315,0.163016677,
5053,1.892094612,1.881722569,0.010372043,
6819,1.518513918,1.488693833,0.029820085,
8515,1.60205996,1.668494344,0.066434383,
4453,1.579783559,1.504670739,0.07511282,
5175,2.008600235,1.878678203,0.129922032,
5478,0.60206002,0.382143974,0.219916046,
7902,1.447157979,1.431957603,0.015200377,
4490,1,1.019348264,0.019348264,
7977,1.176091313,1.051301718,0.124789596,
7959,1.799340606,1.809233665,0.00989306,
8191,1.908485055,1.937179923,0.028694868,
4957,1.255272508,1.260859013,0.005586505,
4903,1.732393742,1.728474855,0.003918886,
2663,0.778151274,1.209808826,0.431657553,
4655,1.623249292,1.67860806,0.055358768,
233,1.60205996,1.588167667,0.013892293,
8898,1,1.114349365,0.114349365,
10630,1.977723598,1.791889548,0.18583405,
10303,1.544068098,1.433872938,0.11019516,
719,1.80618,1.812552691,0.00637269,
1647,0.69897002,0.692727506,0.006242514,
9104,1.380211234,1.498108625,0.117897391,
1239,0.954242527,0.862087727,0.092154801,
3353,2.245512724,2.153040886,0.092471838,
10610,1.322219253,1.493912458,0.171693206,
1041,2.139878988,2.109742641,0.030136347,
797,1.799340606,1.690757275,0.108583331,
9357,1.763427973,1.764405131,0.000977159,
5859,1.623249292,1.719086647,0.095837355,
4070,1.778151274,1.731031179,0.047120094,
3435,1.342422724,1.327673316,0.014749408,
2922,1.361727834,1.328070641,0.033657193,
5626,1.505149961,1.407998323,0.097151637,
2603,0.778151274,1.002803087,0.224651814,
8440,1.477121234,1.39720428,0.079916954,
5051,1.113943338,0.811002135,0.302941203,
2281,1.361727834,1.45345974,0.091731906,
6814,1.30103004,1.340046287,0.039016247,
293,1.30103004,1.403598428,0.102568388,
309,1.278753638,1.328945756,0.050192118,
3150,0.60206002,0.88998872,0.2879287,
3502,1.431363821,1.415462494,0.015901327,
8081,1.447157979,1.354673147,0.092484832,
6787,1.653212547,1.626367331,0.026845217,
5620,0.90309,0.818469644,0.084620357,
8923,0.90309,0.912532747,0.009442747,
3140,1.748188019,1.734567642,0.013620377,
2612,0.477121264,0.826008439,0.348887175,
2992,0.60206002,0.870590806,0.268530786,
9213,1.681241274,1.594823956,0.086417317,
9788,1.56820178,1.530977607,0.037224174,
1779,1.342422724,1.388603687,0.046180964,
5597,1.633468509,1.580619693,0.052848816,
1570,1.763427973,1.890993357,0.127565384,
7476,1.875061274,1.977859497,0.102798223,
10146,1.982271194,2.001504898,0.019233704,
7376,1.477121234,1.459306598,0.017814636,
3918,1.255272508,1.363932133,0.108659625,
9574,1.863322854,1.799612164,0.06371069,
6153,1.505149961,1.523615956,0.018465996,
2467,2.064457893,1.960564613,0.10389328,
10819,1.30103004,1.313717842,0.012687802,
5831,1.342422724,1.198554754,0.14386797,
6089,1.959041357,1.888264179,0.070777178,
4312,1.278753638,1.354328394,0.075574756,
9655,1.431363821,1.715416551,0.28405273,
8095,2.220108032,2.224745274,0.004637241,
1483,1.342422724,1.236348748,0.106073976,
5311,1.079181194,1.11891067,0.039729476,
6216,1.69896996,1.597941399,0.101028562,
5468,1.447157979,1.352442145,0.094715834,
4818,1.690196037,1.808217168,0.118021131,
4360,1.477121234,1.446447372,0.030673862,
6898,1.838849068,1.774687171,0.064161897,
4418,1.579783559,1.559413314,0.020370245,
3548,1.591064572,1.518407583,0.072656989,
9182,1.477121234,1.586233616,0.109112382,
9072,2.049217939,1.959069371,0.090148568,
6211,1.707570195,1.741679907,0.034109712,
973,2.309630156,2.311877251,0.002247095,
376,1.857332468,1.86849463,0.011162162,
1046,1.763427973,1.769505262,0.00607729,
7682,1.20412004,1.165216446,0.038903594,
6565,1.643452644,1.621957541,0.021495104,
7530,1.69896996,1.67095089,0.028019071,
8968,1.491361737,1.440026641,0.051335096,
2080,0.60206002,0.588939667,0.013120353,
1671,1,0.951170444,0.048829556,
6391,1.875061274,1.903818727,0.028757453,
4950,0.954242527,1.641091943,0.686849415,
6656,1,0.990666568,0.009333432,
1149,0,0.090611935,0.090611935,
7066,1.845098019,1.816884398,0.02821362,
326,1.342422724,1.349125028,0.006702304,
1691,1.869231701,1.827948451,0.04128325,
614,1.869231701,1.851011992,0.018219709,
9474,1.30103004,1.33430028,0.03327024,
8065,1.77085197,1.769388556,0.001463413,
3894,1.732393742,1.788848042,0.056454301,
7074,1.924279332,1.902440429,0.021838903,
3985,1.505149961,1.476585031,0.02856493,
8402,2.130333662,2.023762465,0.106571198,
10817,1.755874872,1.681699514,0.074175358,
9144,1.959041357,1.943068027,0.01597333,
1829,1.934498429,2.025167704,0.090669274,
7080,2.045322895,2.009892225,0.03543067,
8779,1.924279332,1.723620534,0.200658798,
4900,1.968482971,1.877087116,0.091395855,
231,1.732393742,1.699829817,0.032563925,
6995,1.56820178,1.51760304,0.050598741,
205,1.681241274,1.494876385,0.186364889,
3428,1.707570195,1.684840798,0.022729397,
4770,1.954242468,1.927770615,0.026471853,
9666,1.954242468,1.987854481,0.033612013,
10396,0.69897002,0.868950546,0.169980526,
4061,1.662757874,1.653548598,0.009209275,
5095,2.021189213,2.051425934,0.030236721,
10834,1.60205996,1.665930152,0.063870192,
5083,2.068185806,2.080112219,0.011926413,
10930,2.012837172,2.107794046,0.094956875,
7254,1.716003299,1.8320297,0.116026402,
8835,1.414973378,1.348963737,0.066009641,
1555,1.919078112,1.802202463,0.116875648,
1678,1.763427973,1.760355711,0.003072262,
1056,0.69897002,0.851831317,0.152861297,
4627,1.322219253,1.507911563,0.18569231,
6167,1.690196037,1.752944827,0.06274879,
7587,1.690196037,1.60433948,0.085856557,
7357,1.913813829,1.882093906,0.031719923,
10715,2.041392803,2.029031277,0.012361526,
2732,1.875061274,1.855981588,0.019079685,
7961,1.041392684,0.888934374,0.15245831,
6264,2.193124533,2.053911686,0.139212847,
7800,2.037426472,2.110014439,0.072587967,
2519,2.017033339,2.087466955,0.070433617,
3199,1.716003299,1.795530796,0.079527497,
5858,1.278753638,1.257107019,0.021646619,
1071,2.012837172,1.934360862,0.07847631,
1874,1.146128058,1.046000481,0.100127578,
85,1.041392684,1.134835124,0.09344244,
5208,1.77085197,1.83211565,0.06126368,
4849,1.826074839,1.931411028,0.105336189,
5219,1.447157979,1.401266575,0.045891404,
9394,1.986771703,1.974822402,0.011949301,
10756,2.195899725,2.06390214,0.131997585,
4322,1.977723598,1.999792695,0.022069097,
2295,1.60205996,1.313111305,0.288948655,
3844,1.380211234,1.727543831,0.347332597,
4867,1.544068098,1.558485627,0.014417529,
4200,1,1.227486134,0.227486134,
9339,1.230448961,1.194352031,0.036096931,
9261,1.146128058,1.183005929,0.036877871,
6908,1.518513918,1.494407415,0.024106503,
3411,1.20412004,0.91411984,0.2900002,
4856,1.361727834,1.180503607,0.181224227,
2616,1.633468509,1.480677843,0.152790666,
9159,1.431363821,1.608514905,0.177151084,
8778,1.255272508,1.386338472,0.131065965,
9604,1.662757874,1.692424297,0.029666424,
8350,1.954242468,1.965636849,0.011394382,
8393,1.477121234,1.380419254,0.09670198,
4290,1.591064572,1.602377534,0.011312962,
4804,0.60206002,0.704185307,0.102125287,
5751,1.462398052,1.347272158,0.115125895,
9163,1.755874872,1.799945951,0.044071078,
9878,1.579783559,1.653853655,0.074070096,
3749,1.556302547,1.530100942,0.026201606,
1836,1.113943338,1.027984142,0.085959196,
7611,1.361727834,1.090376854,0.27135098,
9054,1.544068098,1.464210629,0.079857469,
2442,1.623249292,1.66569829,0.042448997,
10380,1.041392684,1.065861344,0.02446866,
3009,1.146128058,1.457454205,0.311326146,
8100,1.079181194,1.005062699,0.074118495,
4467,1.491361737,1.577235937,0.0858742,
885,1.633468509,1.687884688,0.05441618,
2787,1.255272508,1.30188036,0.046607852,
7625,1.39794004,1.558354378,0.160414338,
8800,1.690196037,1.723132849,0.032936811,
8080,0.90309,0.966663957,0.063573956,
9057,1.531478882,1.546438098,0.014959216,
1532,1.653212547,1.573529959,0.079682589,
4700,1.763427973,1.740211368,0.023216605,
2835,1.653212547,1.775286078,0.122073531,
4208,1.278753638,1.2823838,0.003630161,
2069,1.785329819,1.756581426,0.028748393,
700,1.77085197,1.779573202,0.008721232,
5104,2.305351257,2.112715721,0.192635536,
6184,1.39794004,1.301599503,0.096340537,
4740,1.662757874,1.697429657,0.034671783,
6102,1.20412004,1.278199673,0.074079633,
5878,2.093421698,2.076602936,0.016818762,
721,1.982271194,1.919421911,0.062849283,
6953,1.60205996,1.453809381,0.14825058,
7997,1.278753638,1.300749302,0.021995664,
2026,1.447157979,1.467136264,0.019978285,
8200,1.20412004,1.335429192,0.131309152,
4369,2.107209921,2.00122571,0.105984211,
1095,1.505149961,1.436016202,0.069133759,
3498,1.690196037,1.541320443,0.148875594,
3364,2.255272388,2.146846294,0.108426094,
7166,2.021189213,1.988396645,0.032792568,
4233,1.716003299,1.358282924,0.357720375,
3789,1.968482971,1.98230648,0.013823509,
10413,1.505149961,1.67053473,0.165384769,
8985,1.995635152,1.964074731,0.031560421,
2298,1.255272508,1.231957555,0.023314953,
2051,1.763427973,1.801607251,0.038179278,
3456,1.255272508,1.18062973,0.074642777,
302,1.230448961,1.253906488,0.023457527,
10907,1.880813599,1.868885994,0.011927605,
8673,1.544068098,1.267187953,0.276880145,
10934,1.623249292,1.562179446,0.061069846,
9436,1.875061274,1.936331153,0.061269879,
6993,1.812913299,1.751664281,0.061249018,
8762,1.079181194,0.938069761,0.141111434,
4501,1.579783559,1.577619314,0.002164245,
1934,1.80618,1.771930099,0.034249902,
87,1.39794004,1.170608044,0.227331996,
3804,1.518513918,1.454870105,0.063643813,
5255,1.230448961,1.161256075,0.069192886,
6142,1.643452644,1.648923397,0.005470753,
10586,1.278753638,1.348003745,0.069250107,
8184,1,1.464816809,0.464816809,
7200,1.913813829,1.962001801,0.048187971,
6096,1.892094612,1.812970161,0.079124451,
2977,1.447157979,1.649692774,0.202534795,
8005,1.431363821,1.590026498,0.158662677,
9792,1.544068098,1.514182925,0.029885173,
9321,1.672097802,1.855890512,0.18379271,
5870,1.278753638,1.328461528,0.04970789,
10897,2.113943338,2.162758827,0.048815489,
2841,1.041392684,1.296224236,0.254831553,
10176,1.56820178,1.539074183,0.029127598,
3632,1.255272508,1.234352827,0.020919681,
10463,1.342422724,1.344320774,0.00189805,
3407,1.531478882,1.415135145,0.116343737,
6968,1.447157979,1.386151671,0.061006308,
1033,1.380211234,1.341814756,0.038396478,
9288,1.146128058,1.521504641,0.375376582,
4354,1.505149961,1.739725947,0.234575987,
10315,1.113943338,1.153270483,0.039327145,
7387,1.531478882,1.516656041,0.014822841,
7299,1.079181194,1.245432377,0.166251183,
5681,1.763427973,1.717042565,0.046385407,
8466,2,1.932319403,0.067680597,
6712,1.623249292,1.640314817,0.017065525,
1031,1.763427973,1.756592274,0.006835699,
8146,1.380211234,1.341408372,0.038802862,
3225,2.238046169,2.195893049,0.04215312,
844,1.041392684,1.095950007,0.054557323,
399,1.146128058,1.12453866,0.021589398,
6363,1.278753638,1.242152452,0.036601186,
6729,1.60205996,1.639820457,0.037760496,
9514,1.977723598,1.979458332,0.001734734,
1695,1.623249292,1.575479388,0.047769904,
4301,1.924279332,1.936700463,0.012421131,
5940,2.017033339,2.007614374,0.009418964,
9578,1.826074839,1.834872842,0.008798003,
10281,1.20412004,1.266061068,0.061941028,
3569,1.462398052,1.407788157,0.054609895,
2273,1.414973378,1.374115944,0.040857434,
8400,1.579783559,1.703951836,0.124168277,
10592,1.079181194,1.142683625,0.063502431,
7527,1.041392684,0.960397482,0.080995202,
529,1.447157979,1.518607855,0.071449876,
9712,1.414973378,1.467928886,0.052955508,
10922,1.414973378,1.493387699,0.078414321,
10529,1.322219253,1.297580004,0.024639249,
9582,0.477121264,0.458402991,0.018718272,
10374,1.462398052,1.589454889,0.127056837,
1816,1.531478882,1.574122787,0.042643905,
1817,1.934498429,1.931346655,0.003151774,
1299,1.982271194,2.001423359,0.019152164,
8853,1.113943338,1.054543853,0.059399486,
10955,1.892094612,1.929785967,0.037691355,
7091,1.792391658,1.699853659,0.092537999,
5535,1.863322854,1.82760942,0.035713434,
2213,0.778151274,0.726162195,0.051989079,
2638,1.146128058,1.145857453,0.000270605,
6538,1.959041357,1.919703126,0.039338231,
2929,1.653212547,1.687122464,0.033909917,
5876,1.56820178,1.387449265,0.180752516,
3210,1,1.304054022,0.304054022,
9970,1.230448961,1.530307651,0.299858689,
1760,1.380211234,1.321553111,0.058658123,
10290,1.531478882,1.47982955,0.051649332,
3224,1.556302547,1.466418624,0.089883924,
3636,2.193124533,2.114031315,0.079093218,
3268,2.269512892,2.239230394,0.030282497,
10223,1.892094612,1.937045693,0.044951081,
2751,1.146128058,1.287266612,0.141138554,
9207,1.949390054,1.979268074,0.02987802,
2960,1.672097802,1.618635535,0.053462267,
10402,1.77085197,1.788219333,0.017367363,
7926,2.198657036,2.12613678,0.072520256,
10764,2,1.856029391,0.143970609,
7592,1.919078112,1.90689826,0.012179852,
5689,1.732393742,1.803377032,0.070983291,
1614,2.037426472,1.973726273,0.063700199,
8345,1.380211234,1.433042407,0.052831173,
4429,1.462398052,1.601526022,0.13912797,
3526,1.924279332,1.87088573,0.053393602,
8456,1.56820178,1.694223642,0.126021862,
6918,1.041392684,1.093660355,0.052267671,
3518,1.342422724,1.299794674,0.04262805,
7815,1.041392684,1.44761622,0.406223536,
3913,2.09691,1.97192347,0.124986529,
4947,1.851258397,1.872906685,0.021648288,
2963,1.77085197,1.764683366,0.006168604,
7538,1.799340606,1.820449829,0.021109223,
1451,1.518513918,1.500636101,0.017877817,
2768,0.954242527,1.133477449,0.179234922,
8726,1.612783909,1.705408692,0.092624784,
6576,1.819543958,1.855546236,0.036002278,
4174,1.591064572,1.601898313,0.01083374,
10004,1.20412004,1.731006026,0.526885986,
2207,1.949390054,1.954301596,0.004911542,
6077,1.342422724,1.315337658,0.027085066,
1193,1.799340606,1.855191469,0.055850863,
1104,0.845098019,0.530914903,0.314183116,
7689,1.724275827,1.798821568,0.074545741,
10868,1.531478882,1.445762038,0.085716844,
86,0.778151274,0.956474602,0.178323328,
1642,1.531478882,1.472190857,0.059288025,
1350,0.69897002,0.450881004,0.248089015,
9080,1.80618,1.821042895,0.014862895,
8092,1.380211234,1.350749373,0.029461861,
7023,1.653212547,1.722368717,0.06915617,
3290,1.591064572,1.427253842,0.16381073,
10659,1.20412004,1.273327112,0.069207072,
3115,1.041392684,0.885283291,0.156109393,
9563,1.322219253,1.415008903,0.09278965,
2367,1.982271194,1.973186731,0.009084463,
10213,1.079181194,1.278254151,0.199072957,
8982,1.278753638,1.240638971,0.038114667,
3467,1.707570195,1.717357993,0.009787798,
9763,1.591064572,1.762717605,0.171653032,
2758,2.123851538,2.122181654,0.001669884,
8788,1.653212547,1.59150362,0.061708927,
4491,1.819543958,1.98202455,0.162480593,
711,0.954242527,0.977858901,0.023616374,
6824,1.919078112,1.857209682,0.061868429,
4044,1.716003299,1.690951586,0.025051713,
1247,1.69896996,1.727102995,0.028133035,
5869,1.414973378,1.468931675,0.053958297,
6047,2.037426472,1.917907119,0.119519353,
4960,1.924279332,1.950178862,0.025899529,
1321,1.477121234,1.487866759,0.010745525,
5114,1.230448961,1.366919637,0.136470675,
2597,1.591064572,1.594817996,0.003753424,
1688,1.041392684,0.962972701,0.078419983,
9363,0.90309,1.229081154,0.325991154,
10188,1.740362644,1.654923677,0.085438967,
10671,1.819543958,1.960184574,0.140640616,
228,1.633468509,1.609821439,0.02364707,
5485,1.991226077,1.816730261,0.174495816,
10266,1.079181194,1.316446424,0.237265229,
4774,1.612783909,1.626793385,0.014009476,
895,2.328379631,2.40623641,0.077856779,
2184,1.56820178,1.498066783,0.070134997,
2329,1.505149961,1.530584931,0.025434971,
6286,1.505149961,1.412998676,0.092151284,
9923,1.929418921,1.952453136,0.023034215,
8736,1.812913299,1.754760027,0.058153272,
6361,1.414973378,1.658905506,0.243932128,
1345,1.56820178,1.624313235,0.056111455,
6235,1.653212547,1.756509304,0.103296757,
5474,1.612783909,1.687220335,0.074436426,
3673,1.875061274,2.008444786,0.133383512,
4358,2.262451172,2.132892847,0.129558325,
9499,1.278753638,1.167837262,0.110916376,
2398,2.198657036,2.24922967,0.050572634,
732,1.662757874,1.685521245,0.022763371,
477,1.77085197,1.664771914,0.106080055,
10254,1.643452644,1.979931355,0.33647871,
8173,1.643452644,1.577152014,0.066300631,
6271,1.113943338,1.248830914,0.134887576,
6548,2.079181194,2.054024458,0.025156736,
2014,1.176091313,1.291383862,0.115292549,
7209,1.146128058,1.274845481,0.128717422,
6630,1.361727834,1.472049236,0.110321403,
4926,1.30103004,1.040472031,0.260558009,
5296,1.041392684,1.004181862,0.037210822,
3238,1.69896996,1.6785326,0.02043736,
8150,1.447157979,1.494344234,0.047186255,
8053,0.30103001,-0.265056849,0.566086859,
5115,1.863322854,1.816763759,0.046559095,
1705,1.477121234,1.46024406,0.016877174,
3432,1.968482971,1.886609674,0.081873298,
3320,1.681241274,1.721251011,0.040009737,
4905,2.07554698,1.98914957,0.086397409,
3153,1.176091313,1.195938706,0.019847393,
893,2.107209921,2.111090422,0.003880501,
6493,1.633468509,1.708270073,0.074801564,
9663,1.863322854,1.976222038,0.112899184,
10239,1.30103004,1.503158808,0.202128768,
6061,1.556302547,1.527892828,0.028409719,
8669,1.672097802,1.743509889,0.071412086,
5965,1.342422724,1.402742863,0.060320139,
47,1.944482684,1.895471811,0.049010873,
4679,1.778151274,1.851082683,0.072931409,
5225,1.380211234,1.366460204,0.01375103,
9907,1.80618,1.874984145,0.068804145,
7657,1.380211234,1.301199913,0.079011321,
10421,1.732393742,1.765254974,0.032861233,
3233,2.245512724,2.192662716,0.052850008,
6445,1.255272508,1.233212709,0.022059798,
3142,0.954242527,0.602261782,0.351980746,
3964,1.681241274,1.79311645,0.111875176,
1339,1.414973378,1.221903563,0.193069816,
1428,0.954242527,0.99545598,0.041213453,
4465,1.146128058,1.215402722,0.069274664,
509,1.869231701,1.849793196,0.019438505,
1262,0.90309,0.847876668,0.055213332,
10036,2.16731739,2.256445408,0.089128017,
7329,0.90309,1.138276696,0.235186696,
10080,1.477121234,1.263772488,0.213348746,
8041,2.012837172,1.995675683,0.017161489,
2718,1.982271194,1.950136542,0.032134652,
9147,1.792391658,1.769351959,0.023039699,
5631,1.973127842,1.979455233,0.006327391,
1509,1.278753638,1.285665751,0.006912112,
8716,1.812913299,1.815693855,0.002780557,
8900,1.986771703,2.080379725,0.093608022,
7617,1.322219253,1.339773417,0.017554164,
2700,1.431363821,1.477868795,0.046504974,
8214,1.477121234,1.459465504,0.01765573,
9390,1.732393742,1.890291333,0.157897592,
9555,1.653212547,1.585400224,0.067812324,
1155,1,0.925935566,0.074064434,
9069,1.897627115,2.019581079,0.121953964,
9015,1.740362644,1.766242146,0.025879502,
1205,1.556302547,1.496901512,0.059401035,
2531,1.857332468,1.993362069,0.136029601,
1222,0.69897002,0.479333997,0.219636023,
884,1.690196037,1.65994525,0.030250788,
7048,1.39794004,1.458830357,0.060890317,
8955,1.146128058,1.095365286,0.050762773,
8571,1.60205996,1.61835885,0.01629889,
3014,1.77085197,1.710825443,0.060026526,
1167,1.812913299,1.740121484,0.072791815,
9222,1.643452644,1.592381597,0.051071048,
9096,1.20412004,1.304749489,0.100629449,
8752,2.089905024,2.256209373,0.16630435,
2396,0.30103001,0.52954793,0.22851792,
10012,1.079181194,1.18965435,0.110473156,
9560,0.90309,1.025745749,0.122655749,
6927,1.672097802,1.740071058,0.067973256,
8079,1.255272508,1.396380782,0.141108274,
5338,1.431363821,1.539992571,0.10862875,
774,2.079181194,2.040221214,0.03895998,
2317,1.079181194,1.314655662,0.235474467,
6997,1.812913299,1.921284914,0.108371615,
7782,1.662757874,1.767354488,0.104596615,
4223,1.462398052,1.481060505,0.018662453,
3851,1.322219253,1.387891531,0.065672278,
41,0.69897002,1.079365849,0.38039583,
2372,1.079181194,1.180181623,0.101000428,
6839,1.322219253,1.593864679,0.271645427,
9209,1.60205996,1.646578431,0.044518471,
10767,1.113943338,1.162998557,0.049055219,
5239,2.107209921,1.890734196,0.216475725,
8689,1,0.808653057,0.191346943,
3728,1.643452644,1.504380345,0.139072299,
3850,1.662757874,1.717319846,0.054561973,
5568,1.361727834,1.400239944,0.038512111,
1128,0.90309,1.154542446,0.251452446,
127,2,2.075190783,0.075190783,
6861,1.20412004,1.170471191,0.033648849,
8403,1.732393742,1.500308275,0.232085466,
768,1.653212547,1.753293633,0.100081086,
5366,2.365488052,2.41344595,0.047957897,
4954,1.176091313,1.18450129,0.008409977,
997,2.029383659,2.02323103,0.00615263,
4395,1.863322854,1.955671549,0.092348695,
3316,1.20412004,1.349623442,0.145503402,
6016,1.913813829,1.662037373,0.251776457,
9105,2.045322895,2.003118992,0.042203903,
5345,1.643452644,1.707629442,0.064176798,
6006,1.380211234,1.480901361,0.100690126,
5108,1.653212547,1.719309807,0.06609726,
3561,1.662757874,1.598529816,0.064228058,
5042,1.897627115,1.876285791,0.021341324,
6449,1.041392684,1.350565195,0.309172511,
3987,2.086359739,1.788759232,0.297600508,
3017,2.255272388,2.182249069,0.073023319,
6444,1.491361737,1.459904194,0.031457543,
10957,1.447157979,1.462840915,0.015682936,
8364,0.954242527,0.849672139,0.104570389,
2428,1.69896996,1.670127034,0.028842926,
10707,1.740362644,1.580594778,0.159767866,
1075,1.838849068,1.879487514,0.040638447,
4294,1.477121234,1.657999039,0.180877805,
5064,1.763427973,1.817331791,0.053903818,
9909,1.431363821,1.484317899,0.052954078,
8798,1.462398052,1.419692755,0.042705297,
9197,1.986771703,1.946655154,0.040116549,
704,1.832508922,1.798607826,0.033901095,
810,1.880813599,1.900745153,0.019931555,
405,1.934498429,1.917285323,0.017213106,
622,1.934498429,1.834334612,0.100163817,
1656,0.69897002,0.907875776,0.208905756,
3323,1.176091313,1.267308712,0.091217399,
6156,1.681241274,1.660634875,0.020606399,
2354,1.491361737,1.366631627,0.12473011,
3168,1.462398052,1.456481576,0.005916476,
9638,1.672097802,1.821738958,0.149641156,
8385,1.361727834,1.430711865,0.068984032,
1265,1.857332468,1.676900864,0.180431604,
3141,1.477121234,1.511674523,0.034553289,
2772,1.819543958,1.850330949,0.030786991,
9699,1.944482684,1.906862259,0.037620425,
4497,1.934498429,1.815366507,0.119131923,
2289,1.278753638,1.254573941,0.024179697,
2052,2.021189213,2.011982679,0.009206533,
9504,1.623249292,1.557077408,0.066171885,
583,1.690196037,1.830458045,0.140262008,
8721,0.30103001,0.459503293,0.158473283,
9567,1.763427973,1.785312176,0.021884203,
1178,1.69896996,1.732408762,0.033438802,
1784,1.556302547,1.577049732,0.020747185,
5955,1.20412004,1.335374475,0.131254435,
8257,1.56820178,1.290434122,0.277767658,
2621,1.56820178,1.672138929,0.103937149,
1080,1.724275827,1.654079676,0.070196152,
4039,1.60205996,1.537515044,0.064544916,
10571,1.863322854,1.917418242,0.054095387,
10329,2.093421698,1.92254138,0.170880318,
5726,1.447157979,1.511341929,0.06418395,
8324,1.623249292,1.583574295,0.039674997,
377,1.60205996,1.498234272,0.103825688,
7584,1.414973378,1.403650165,0.011323214,
10833,0.90309,1.279954672,0.376864672,
4334,1.462398052,1.444172025,0.018226027,
69,1.414973378,1.388613939,0.026359439,
1,1.518513918,1.468579888,0.04993403,
890,1.845098019,1.815280914,0.029817104,
3015,2.387389898,2.314656973,0.072732925,
8166,1.491361737,1.4736166,0.017745137,
8811,1.39794004,1.354499817,0.043440223,
646,1.20412004,1.390653133,0.186533093,
4090,2.176091194,2.227146626,0.051055431,
1998,1.491361737,1.49806726,0.006705523,
2072,1.832508922,1.750142097,0.082366824,
2684,1.322219253,1.307809711,0.014409542,
10038,1.869231701,1.779868364,0.089363337,
10466,1.826074839,1.782445192,0.043629646,
1999,1.612783909,1.63302803,0.020244122,
4080,1.672097802,1.644452572,0.02764523,
7710,1.113943338,1.014049053,0.099894285,
10496,1.041392684,0.999694765,0.041697919,
915,1.763427973,1.836195707,0.072767735,
9796,1.176091313,1.1152426,0.060848713,
7505,1.380211234,1.142759085,0.237452149,
6037,1.591064572,1.522243261,0.068821311,
661,1.748188019,1.813706994,0.065518975,
3410,1.278753638,1.544070363,0.265316725,
3087,1.80618,1.624719024,0.181460977,
4688,1.113943338,1.040626645,0.073316693,
7963,1.30103004,1.420252323,0.119222283,
3852,1.919078112,1.785069823,0.134008288,
10479,1.612783909,1.648848772,0.036064863,
8954,0.30103001,0.338473201,0.037443191,
5583,1.869231701,1.523790002,0.345441699,
7850,1.662757874,1.610820293,0.05193758,
6254,1.041392684,1.26110065,0.219707966,
4576,1.20412004,1.284925938,0.080805898,
5272,1.505149961,1.429775,0.075374961,
5732,1.505149961,1.478714228,0.026435733,
3631,1.462398052,1.605759263,0.143361211,
2212,1.690196037,1.843918562,0.153722525,
8521,1.041392684,1.142588377,0.101195693,
5533,1.968482971,1.955337167,0.013145804,
3633,1.361727834,1.349140286,0.012587547,
6613,1.380211234,1.433959723,0.053748488,
369,1.39794004,1.442088842,0.044148803,
10550,1.724275827,1.743632317,0.019356489,
1209,0.60206002,0.55487442,0.0471856,
1353,1.079181194,1.078753233,0.000427961,
10010,1,1.16146493,0.16146493,
5154,1.748188019,1.667104244,0.081083775,
8574,1.869231701,1.924554348,0.055322647,
499,1.799340606,1.679212332,0.120128274,
650,1.672097802,1.584002972,0.088094831,
10164,2.082785368,2.023239136,0.059546232,
371,2.089905024,2.062362432,0.027542591,
1015,1.591064572,1.576333404,0.014731169,
1764,1.869231701,1.898519278,0.029287577,
8106,1.732393742,1.614174485,0.118219256,
7491,1.255272508,1.413551688,0.158279181,
4468,0.69897002,0.652103722,0.046866298,
1981,1.380211234,1.254350543,0.125860691,
340,0.845098019,1.023677826,0.178579807,
1501,1.716003299,1.626487374,0.089515924,
1609,1.176091313,1.242890477,0.066799164,
7156,1.230448961,1.31412077,0.083671808,
1511,1.681241274,1.645620465,0.035620809,
4151,2.113943338,2.046857834,0.067085505,
8417,1.755874872,1.791785479,0.035910606,
2250,1.633468509,1.529957533,0.103510976,
676,1.505149961,1.561917305,0.056767344,
10779,1.505149961,1.300511479,0.204638481,
9083,1.176091313,1.302437305,0.126345992,
8208,1.740362644,1.757703781,0.017341137,
10069,1.724275827,1.348395705,0.375880122,
1547,1.431363821,1.418498278,0.012865543,
1184,1.897627115,1.884101033,0.013526082,
6935,0.778151274,0.875356078,0.097204804,
8314,1.30103004,1.328984022,0.027953982,
9847,1.20412004,1.337942362,0.133822322,
1732,1.462398052,1.436664343,0.025733709,
1750,1.778151274,1.805297375,0.027146101,
2740,1.30103004,1.310276031,0.009245992,
2818,1.740362644,1.741913319,0.001550674,
1435,2.146127939,1.934859276,0.211268663,
3439,1.278753638,1.290022731,0.011269093,
298,2.152288437,2.105499983,0.046788454,
834,1.414973378,1.69714427,0.282170892,
685,1.462398052,1.719337583,0.25693953,
10327,1.732393742,1.801699758,0.069306016,
511,1.707570195,1.714507222,0.006937027,
6296,1.740362644,1.700118899,0.040243745,
2075,1.505149961,1.357198119,0.147951841,
7824,1.724275827,1.609161973,0.115113854,
6822,1.230448961,1.287187815,0.056738853,
1702,1.995635152,1.868644714,0.126990438,
857,1.146128058,1.148713946,0.002585888,
9479,1.556302547,1.401467204,0.154835343,
3239,1.69896996,1.645352125,0.053617835,
1162,1.724275827,1.697262883,0.027012944,
2359,1.431363821,1.463761568,0.032397747,
7367,1.20412004,1.386238933,0.182118893,
775,2.294466257,2.356158257,0.061691999,
7566,1.477121234,1.713923335,0.236802101,
5159,2.045322895,1.975099921,0.070222974,
5274,1.342422724,1.370705366,0.028282642,
7913,1.819543958,1.870771408,0.05122745,
7999,1.113943338,1.223036766,0.109093428,
10181,1.447157979,1.765393019,0.31823504,
5253,1.505149961,1.457998753,0.047151208,
4749,1.079181194,0.98886013,0.090321064,
5747,1.20412004,1.334792852,0.130672812,
10986,1.69896996,1.612309575,0.086660385,
2601,1.041392684,1.181444883,0.140052199,
4633,1.30103004,1.364312887,0.063282847,
4780,1.982271194,1.928145051,0.054126143,
3698,1.681241274,1.720454097,0.039212823,
9113,1.826074839,1.791950583,0.034124255,
1815,2.093421698,1.971549034,0.121872663,
2167,1.56820178,1.530323029,0.037878752,
10452,2.089905024,2.022070408,0.067834616,
9059,1.113943338,1.271063685,0.157120347,
1653,0.477121264,0.736939311,0.259818047,
7471,1.462398052,1.707561255,0.245163202,
8755,1.672097802,1.526965737,0.145132065,
667,1.113943338,1.339324474,0.225381136,
2287,2.107209921,2.081017733,0.026192188,
3842,1.857332468,1.810717821,0.046614647,
4251,1.60205996,1.693657637,0.091597676,
7535,1.60205996,1.592033029,0.010026932,
7177,1.342422724,1.305127382,0.037295341,
2244,1.322219253,1.22994256,0.092276692,
2186,0,0.332217336,0.332217336,
10646,0.90309,1.040642858,0.137552857,
5778,1.447157979,1.543777704,0.096619725,
7291,1.90309,1.835519314,0.067570686,
4615,1.740362644,1.740391731,2.90871E-05,
3119,1.913813829,1.854417086,0.059396744,
2500,0.90309,1.381808996,0.478718996,
4768,1.113943338,1.163764715,0.049821377,
10734,1.491361737,1.585053086,0.093691349,
4029,2.195899725,1.96248734,0.233412385,
7330,0.845098019,0.95753181,0.112433791,
7729,1.491361737,1.505468607,0.01410687,
10517,1.380211234,1.78995657,0.409745336,
3779,1.505149961,1.576160669,0.071010709,
9031,1.681241274,1.418628335,0.262612939,
7854,1.278753638,1.580254316,0.301500678,
3682,1.875061274,1.618442774,0.2566185,
2319,0.778151274,0.610771358,0.167379916,
4786,1.414973378,1.408812046,0.006161332,
4035,1.913813829,1.949262977,0.035449147,
3229,2.305351257,2.234884977,0.07046628,
3329,2.332438469,2.256751537,0.075686932,
7772,1.113943338,1.097846389,0.01609695,
4342,1,1.0232687,0.0232687,
8919,1.977723598,1.934200525,0.043523073,
10411,0.845098019,1.481172681,0.636074662,
606,1.869231701,1.70658505,0.162646651,
3750,1.869231701,2.025752783,0.156521082,
3783,1.477121234,1.497291565,0.020170331,
5923,2.193124533,2.118503094,0.074621439,
9647,1.505149961,1.806143165,0.300993204,
6672,1.623249292,1.624170661,0.000921369,
7078,1.518513918,1.474459648,0.04405427,
10305,1.919078112,1.910080671,0.00899744,
1651,1.643452644,1.689810634,0.046357989,
1689,0.845098019,1.06414485,0.219046831,
9793,1.176091313,1.317530394,0.14143908,
3025,0.69897002,0.850887835,0.151917815,
3214,1.857332468,1.68282938,0.174503088,
877,1.897627115,1.875192761,0.022434354,
4051,2.064457893,2.058850527,0.005607367,
647,1.079181194,0.407836199,0.671344995,
4028,1.77085197,1.848492742,0.077640772,
10257,1.612783909,1.571132421,0.041651487,
9939,1.079181194,0.878296852,0.200884342,
2094,1.763427973,1.773222685,0.009794712,
3854,1.740362644,1.745454073,0.005091429,
2722,1.681241274,1.894839883,0.213598609,
5781,1.832508922,1.842633128,0.010124207,
9285,1.591064572,1.517030954,0.074033618,
9424,2.113943338,2.056194305,0.057749033,
10076,1.707570195,1.72778666,0.020216465,
8589,1.113943338,0.782202363,0.331740975,
1473,1.785329819,1.771178722,0.014151096,
1598,1.30103004,1.203179359,0.09785068,
634,1.30103004,1.15406549,0.14696455,
10271,1.924279332,1.961783528,0.037504196,
10465,1.968482971,1.941333055,0.027149916,
7558,1.361727834,1.381713152,0.019985318,
9775,1.724275827,1.489072919,0.235202909,
2809,1.505149961,1.447060227,0.058089733,
8276,1.30103004,1.352904081,0.051874042,
6658,2.271841526,2.291824341,0.019982815,
6244,1.579783559,1.658713698,0.07893014,
3965,1.342422724,1.365756273,0.023333549,
2324,1.361727834,1.203401327,0.158326507,
7634,1.826074839,1.801879525,0.024195313,
10745,1.20412004,1.107087016,0.097033024,
6946,1.255272508,1.313158631,0.057886124,
7545,1.041392684,1.162613869,0.121221185,
7871,1.230448961,0.980244398,0.250204563,
1919,1.431363821,1.439061165,0.007697344,
3347,1.39794004,1.392387867,0.005552173,
6409,1.176091313,1.289060473,0.11296916,
4381,1.681241274,1.590801954,0.09043932,
9950,1.778151274,1.861848593,0.083697319,
4367,1.869231701,1.82196188,0.047269821,
9733,1.716003299,1.514208317,0.201794982,
6355,1.913813829,1.889411211,0.024402618,
67,1.041392684,1.278330207,0.236937523,
2303,1.690196037,1.624054313,0.066141725,
10852,1.342422724,1.350451231,0.008028507,
6753,1.342422724,1.383763909,0.041341186,
1191,2.056904793,2.111707211,0.054802418,
5506,1.041392684,0.959034562,0.082358122,
5541,2.021189213,1.909047723,0.11214149,
587,0.845098019,0.946448565,0.101350546,
70,0.845098019,0.82428652,0.020811498,
6711,1.462398052,1.432540298,0.029857755,
7451,1.431363821,1.412397265,0.018966556,
4581,1.716003299,1.824846029,0.108842731,
4394,1.851258397,1.800839067,0.050419331,
1814,1.633468509,1.674886107,0.041417599,
2105,1.812913299,1.769847155,0.043066144,
2891,1.77085197,1.652351737,0.118500233,
8794,2.049217939,2.056693077,0.007475138,
644,1.778151274,1.783067465,0.004916191,
9290,1.20412004,1.102211833,0.101908207,
4730,0.778151274,0.672986329,0.105164945,
7207,1.949390054,1.955579758,0.006189704,
1916,1.832508922,1.763043642,0.06946528,
10675,1.255272508,1.227758646,0.027513862,
3116,1.633468509,1.645863295,0.012394786,
5840,1.968482971,1.995009184,0.026526213,
10498,0.90309,1.186880589,0.283790588,
4819,1.447157979,1.513024688,0.065866709,
4047,1.505149961,1.517475486,0.012325525,
1955,1.531478882,1.665799737,0.134320855,
1120,1.832508922,1.750656605,0.081852317,
2219,0.845098019,0.961644113,0.116546094,
2134,1.431363821,1.412840843,0.018522978,
8606,1.556302547,1.562729836,0.006427288,
8450,2.184691429,1.83097887,0.353712559,
2228,0.90309,0.974750996,0.071660995,
8803,1,0.731331885,0.268668115,
7759,1.591064572,1.612021089,0.020956516,
9010,1.322219253,1.403672338,0.081453085,
8645,1.431363821,1.657151341,0.22578752,
7297,1.944482684,1.916001201,0.028481483,
2038,1.544068098,1.469741464,0.074326634,
9632,1.342422724,1.317225933,0.025196791,
8357,1.716003299,1.663303733,0.052699566,
8739,1.30103004,1.390356541,0.089326501,
899,2.008600235,1.979168415,0.02943182,
2863,1.672097802,1.697315216,0.025217414,
7554,1.491361737,1.477394581,0.013967156,
1661,1.763427973,1.794477582,0.031049609,
3811,1.30103004,1.213157296,0.087872744,
8344,1.505149961,1.777534008,0.272384048,
939,1.707570195,1.713300943,0.005730748,
4656,1.414973378,1.379708409,0.035264969,
5140,1.342422724,1.344943643,0.002520919,
7497,1.643452644,1.556751966,0.086700678,
2187,1.845098019,1.807418585,0.037679434,
8936,1.724275827,1.749608278,0.025332451,
2637,1.278753638,1.180598736,0.098154902,
2008,1.079181194,1.216696024,0.13751483,
5719,1.380211234,1.430018187,0.049806952,
7125,1.60205996,1.551218271,0.050841689,
2688,0.69897002,0.941050887,0.242080867,
6201,1.845098019,1.688304901,0.156793118,
3121,1.414973378,1.462188244,0.047214866,
5661,2.068185806,1.944723368,0.123462439,
7799,1.939519286,1.871038556,0.06848073,
9708,1.886490703,1.795817852,0.090672851,
9204,1.982271194,1.899824858,0.082446337,
8823,1.079181194,0.97481662,0.104364574,
1986,1.431363821,1.686804891,0.25544107,
10310,1.342422724,1.505797625,0.163374901,
4807,1.69896996,1.684660554,0.014309406,
237,1.544068098,1.513099432,0.030968666,
3639,1.176091313,1.296427011,0.120335698,
1058,1.819543958,1.667561769,0.151982188,
1983,1.929418921,1.89109087,0.038328052,
9676,1.732393742,1.72685051,0.005543232,
105,1.812913299,1.768586636,0.044326663,
592,1.176091313,1.096471667,0.079619646,
8475,1.919078112,2.039530993,0.120452881,
3542,2.021189213,1.96786797,0.053321242,
2620,1.792391658,1.871297836,0.078906178,
2798,1.991226077,1.954621077,0.036605,
521,1.380211234,1.316255093,0.063956141,
1358,1.913813829,1.805558681,0.108255148,
3948,1.477121234,1.285800338,0.191320896,
1548,0,0.128733397,0.128733397,
10762,2.269512892,2.311214685,0.041701794,
191,1.431363821,1.413830161,0.01753366,
1474,0.30103001,0.702447653,0.401417643,
10136,0.954242527,1.297262788,0.34302026,
6694,2.123851538,1.977088571,0.146762967,
3657,1.69896996,1.655202985,0.043766975,
1025,1.662757874,1.512545347,0.150212526,
500,1.77085197,1.778801918,0.007949948,
5538,1.672097802,1.566582561,0.105515242,
6793,1.982271194,1.84591651,0.136354685,
126,1.431363821,1.428102851,0.00326097,
9237,1.56820178,1.522813559,0.045388222,
5852,1.176091313,1.317281961,0.141190648,
9976,1.146128058,1.24944067,0.103312612,
2643,2.056904793,2.107775688,0.050870895,
6258,1.740362644,1.743512511,0.003149867,
2939,1.934498429,1.90945816,0.025040269,
3826,1.982271194,1.929080606,0.053190589,
8472,1.361727834,1.407857656,0.046129823,
936,1.531478882,1.640388846,0.108909965,
6250,2,1.9020859,0.0979141,
2795,1.792391658,1.796117306,0.003725648,
2420,1.491361737,1.563405037,0.0720433,
1404,1.643452644,1.587042212,0.056410432,
506,1.633468509,1.6274122,0.006056309,
2066,1.079181194,1.090681672,0.011500478,
5853,2.110589743,2.051976204,0.058613539,
1110,1.763427973,1.802440166,0.039012194,
5552,1.623249292,1.554923773,0.06832552,
5419,1.919078112,1.912782192,0.006295919,
2241,1.556302547,1.594125628,0.037823081,
8904,0.477121264,0.722156823,0.245035559,
3897,0.90309,0.999869943,0.096779943,
5564,1.342422724,1.549536109,0.207113385,
571,1.748188019,1.602144122,0.146043897,
6266,1.913813829,1.726951003,0.186862826,
6622,1.30103004,1.404266357,0.103236318,
9986,1.857332468,1.800310135,0.057022333,
10086,2.064457893,2.096410275,0.031952381,
7356,1.518513918,1.506653905,0.011860013,
2626,1.690196037,1.60611403,0.084082007,
3032,1.39794004,1.51564765,0.11770761,
5943,1.462398052,1.463711143,0.00131309,
9770,1.146128058,1.189307094,0.043179035,
9009,1.380211234,1.344951987,0.035259247,
7807,1.681241274,1.557024837,0.124216437,
3819,1.633468509,1.622455597,0.011012912,
8928,1.20412004,1.44916296,0.24504292,
6401,1.880813599,1.925233006,0.044419408,
10519,1.146128058,1.166950941,0.020822883,
9303,1.740362644,1.692890406,0.047472239,
7450,1.643452644,1.803992987,0.160540342,
3693,1.995635152,1.98722589,0.008409262,
10831,2.037426472,2.135621071,0.098194599,
2337,1.740362644,1.790111542,0.049748898,
7720,1.113943338,1.082512736,0.031430602,
7631,1.724275827,1.789888382,0.065612555,
5442,1.857332468,1.787139535,0.070192933,
4452,1.653212547,1.683385968,0.030173421,
10903,1.491361737,1.535416722,0.044054985,
8512,0.954242527,0.885087729,0.069154799,
10874,1.431363821,1.152011991,0.27935183,
1216,1.77085197,1.777501464,0.006649494,
6150,2.004321337,1.967315316,0.037006021,
7391,1.69896996,1.676912665,0.022057295,
7557,1.278753638,1.22456944,0.054184198,
5502,1.681241274,1.669076443,0.012164831,
1163,0,0.033353686,0.033353686,
10291,1.633468509,1.937021971,0.303553462,
7818,1.176091313,1.366127491,0.190036178,
7660,1.041392684,1.450522184,0.4091295,
3113,1.995635152,2.10778141,0.112146258,
10977,1.041392684,1.17496264,0.133569956,
8963,1.653212547,1.613615274,0.039597273,
8741,1.505149961,1.403265834,0.101884127,
3005,1.785329819,1.784989595,0.000340223,
4998,1.643452644,1.69619441,0.052741766,
7834,1.681241274,1.735734582,0.054493308,
5321,1.079181194,0.975746214,0.10343498,
1186,1.30103004,1.56966877,0.26863873,
89,1.20412004,1.205384493,0.001264453,
864,1.447157979,1.461317658,0.014159679,
3696,1.812913299,1.726861358,0.086051941,
4095,1.556302547,1.748710632,0.192408085,
10540,1.785329819,1.862271309,0.07694149,
4772,1.518513918,1.361553788,0.15696013,
9794,0.778151274,1.244518876,0.466367602,
8087,1.39794004,1.344195247,0.053744793,
5990,1.633468509,1.472468615,0.160999894,
8976,1.518513918,1.6653862,0.146872282,
8133,1.505149961,1.608372927,0.103222966,
10854,1.869231701,1.881374478,0.012142777,
8592,1.662757874,1.590345263,0.07241261,
6328,1.505149961,1.507415891,0.00226593,
9600,1.799340606,1.848603368,0.049262762,
490,1.380211234,1.327449083,0.052762151,
48,1.755874872,1.787045002,0.03117013,
9131,1.30103004,1.50027287,0.19924283,
7715,1.778151274,1.806673765,0.028522491,
5168,1.505149961,1.395003796,0.110146165,
7354,1.477121234,1.454963207,0.022158027,
2353,1.919078112,1.883348227,0.035729885,
10200,1.672097802,1.725208044,0.053110242,
5399,1.612783909,1.64675498,0.033971071,
4707,1.56820178,1.581344485,0.013142705,
1742,1.973127842,1.845362067,0.127765775,
9880,1.491361737,1.76537776,0.274016023,
2763,1.991226077,1.989465833,0.001760244,
7113,0.477121264,0.623357534,0.146236271,
3524,1.60205996,1.483608603,0.118451357,
1372,1.30103004,1.302827001,0.001796961,
7012,1.30103004,1.356763721,0.055733681,
2615,0.954242527,0.930206537,0.02403599,
9304,1.361727834,1.34055233,0.021175504,
7352,1,0.982799172,0.017200828,
8915,1.361727834,1.506828785,0.145100951,
10969,1.707570195,1.922435045,0.21486485,
6345,1.342422724,1.053693771,0.288728952,
325,1.447157979,1.424063802,0.023094177,
10856,1.707570195,1.788613081,0.081042886,
8960,1.799340606,1.898169756,0.09882915,
248,1.491361737,1.286316395,0.205045342,
4651,1.623249292,1.564124465,0.059124827,
5895,0.90309,1.06724894,0.16415894,
10857,1.30103004,1.412964344,0.111934304,
10294,1.531478882,1.539677143,0.008198261,
7196,1.672097802,1.23570919,0.436388612,
1958,1.39794004,1.280171633,0.117768407,
2804,1.748188019,1.614255548,0.133932471,
6784,1.949390054,1.996888041,0.047497988,
10790,1.518513918,1.377446532,0.141067386,
6773,1.39794004,1.102688313,0.295251727,
10349,1.69896996,1.801912427,0.102942467,
5988,1.778151274,1.820517659,0.042366385,
6351,1.56820178,1.887277484,0.319075704,
2292,1.30103004,1.59533143,0.294301391,
10321,1.681241274,1.757660747,0.076419473,
9118,1.924279332,1.860150337,0.064128995,
2909,2.064457893,2.024271011,0.040186882,
3039,1.041392684,1.166897535,0.125504851,
10507,1.973127842,1.958542705,0.014585137,
7462,0.954242527,0.952367306,0.001875222,
5063,1.812913299,1.561114073,0.251799226,
4558,0.778151274,0.772463679,0.005687594,
6246,1.80618,1.936071277,0.129891276,
7441,1.623249292,1.89996469,0.276715398,
8793,1.612783909,1.594805956,0.017977953,
4024,1.724275827,1.707972527,0.016303301,
686,0.954242527,1.173033237,0.21879071,
1180,2.064457893,1.997677684,0.06678021,
7021,1.80618,1.794540048,0.011639953,
10799,1.612783909,1.703702688,0.090918779,
1479,1.380211234,1.508684754,0.12847352,
674,1.929418921,1.966403008,0.036984086,
3879,1.505149961,1.532414436,0.027264476,
8996,1.56820178,1.436799169,0.131402612,
8022,2.07188201,2.103756428,0.031874418,
9832,1.113943338,1.4384588,0.324515462,
1016,1.380211234,1.328133702,0.052077532,
6093,2.049217939,1.993150473,0.056067467,
9829,1.716003299,1.676521778,0.039481521,
10807,1.230448961,1.277378082,0.046929121,
3611,1.799340606,1.73003602,0.069304585,
2397,1.278753638,1.29376936,0.015015721,
1173,1.785329819,1.768416166,0.016913652,
9132,1.447157979,1.420762658,0.026395321,
9013,1.963787794,2.016587973,0.052800179,
10936,1.591064572,1.685758591,0.094694018,
4530,1.690196037,1.697535276,0.007339239,
9773,2,1.855681539,0.144318461,
10453,1,1.078363895,0.078363895,
2012,1.929418921,1.889572978,0.039845943,
2177,1.491361737,1.437136173,0.054225564,
8698,1.176091313,1.333407879,0.157316566,
7515,1.799340606,1.844056726,0.04471612,
8906,1.892094612,2.000911236,0.108816624,
5883,1.838849068,1.835494518,0.003354549,
7368,1.230448961,1.305317879,0.074868917,
10431,1.079181194,1.305128336,0.225947142,
7143,1.30103004,1.325389028,0.024358988,
8533,1.414973378,1.455358028,0.04038465,
3352,1.462398052,1.399591446,0.062806606,
8480,1.278753638,1.436622262,0.157868624,
1883,1.380211234,1.35869658,0.021514654,
2528,1.792391658,1.645289779,0.147101879,
6903,0.845098019,1.284245968,0.439147949,
1973,1.30103004,1.305474162,0.004444122,
2034,1.414973378,1.413300395,0.001672983,
9589,1.041392684,1.182072997,0.140680313,
3110,1.977723598,1.96102047,0.016703129,
6593,1.819543958,1.726118803,0.093425155,
5651,1.591064572,1.632295966,0.041231394,
4489,1.612783909,1.701079726,0.088295817,
5281,1.146128058,1.314072132,0.167944074,
4168,1.662757874,1.661073089,0.001684785,
8296,1.491361737,1.451726079,0.039635658,
5277,1.612783909,1.525923967,0.086859941,
9635,1.041392684,0.874479532,0.166913152,
7280,1.278753638,1.272362828,0.00639081,
3752,1.707570195,1.612514019,0.095056176,
2558,1.20412004,1.130867004,0.073253036,
5319,1.176091313,1.179549456,0.003458142,
663,1.447157979,1.423245192,0.023912787,
3638,2.089905024,1.844955683,0.244949341,
92,1.60205996,1.574619174,0.027440786,
3065,1.113943338,0.817503154,0.296440184,
6080,2.161367893,2.041321039,0.120046854,
6378,1.653212547,1.689266086,0.036053538,
1521,1.380211234,1.475836039,0.095624804,
10743,1.707570195,1.863820791,0.156250596,
7017,0.69897002,0.902601123,0.203631103,
6376,2.008600235,1.970536113,0.038064122,
3097,1.908485055,1.966311097,0.057826042,
3933,2.330413818,2.169363976,0.161049843,
8154,1.986771703,1.977169633,0.00960207,
6894,1.732393742,1.747098804,0.014705062,
5445,2.060697794,2.024052858,0.036644936,
7128,1.342422724,1.329783797,0.012638927,
5501,1.662757874,1.373473167,0.289284706,
3297,1.255272508,1.143659353,0.111613154,
6666,1.041392684,1.123013973,0.081621289,
8319,1.146128058,1.117244124,0.028883934,
3095,1.462398052,1.449282885,0.013115168,
2752,0.845098019,0.688884318,0.156213701,
2117,1.707570195,1.750084639,0.042514443,
889,1.812913299,1.738827586,0.074085712,
1403,1.342422724,1.438004851,0.095582128,
10369,1.505149961,1.651870847,0.146720886,
1516,2.021189213,1.953255892,0.067933321,
922,1.838849068,1.84389472,0.005045652,
7792,1.851258397,1.860286117,0.009027719,
9220,1.079181194,0.739005744,0.34017545,
8493,1.77085197,1.854976773,0.084124804,
5928,1.39794004,1.473705292,0.075765252,
7873,1.944482684,1.836170197,0.108312488,
3637,1.892094612,1.793640971,0.098453641,
7674,1.380211234,1.443090796,0.062879562,
8703,2.056904793,2.036019802,0.020884991,
7513,1.462398052,1.504965067,0.042567015,
10111,1.30103004,1.764157891,0.463127851,
3618,1.755874872,1.638032436,0.117842436,
9064,1.763427973,1.568988204,0.194439769,
425,1.740362644,1.789910197,0.049547553,
7022,1.838849068,1.820595264,0.018253803,
3856,1,1.105805755,0.105805755,
8422,1.724275827,1.758715868,0.034440041,
4437,1.944482684,1.86086297,0.083619714,
6806,1.146128058,1.117827773,0.028300285,
1611,1.662757874,1.492845774,0.1699121,
5276,1.80618,1.83878696,0.032606959,
8524,1.230448961,1.272875309,0.042426348,
5737,1.041392684,1.397026896,0.355634212,
2955,1.732393742,1.64751935,0.084874392,
3257,2.133538961,2.134246588,0.000707626,
7878,1.361727834,1.313680053,0.048047781,
10433,1.672097802,1.635827065,0.036270738,
10781,1.934498429,1.703796983,0.230701447,
10341,1.579783559,1.640151501,0.060367942,
10880,1.39794004,1.600069761,0.202129722,
2057,0.954242527,0.840971887,0.11327064,
2259,1.544068098,1.543578148,0.00048995,
2234,1.414973378,1.544364214,0.129390836,
6045,1.740362644,1.679715753,0.060646892,
3165,1.707570195,1.599458933,0.108111262,
1556,1.39794004,1.408717275,0.010777235,
2501,1.69896996,1.830697775,0.131727815,
5612,1.041392684,1.001173735,0.040218949,
615,0.90309,0.525231481,0.37785852,
5594,1.977723598,1.922145128,0.05557847,
7197,2.465382814,2.289403915,0.175978899,
5547,1.361727834,1.307863355,0.053864479,
10246,1.653212547,1.6794945,0.026281953,
6485,2.113943338,2.042599201,0.071344137,
5743,1.431363821,1.517961264,0.086597443,
3702,1.544068098,1.505654454,0.038413644,
423,1.56820178,1.748027205,0.179825425,
301,1.80618,1.849752903,0.043572903,
145,1.623249292,1.54800427,0.075245023,
1686,1.579783559,1.315443158,0.264340401,
4612,1.60205996,1.527420402,0.074639559,
5799,1.60205996,1.611622691,0.009562731,
5,1.845098019,1.759070992,0.086027026,
5627,1.851258397,1.840106964,0.011151433,
1261,2.082785368,2.034868002,0.047917366,
6871,1.20412004,1.086063504,0.118056536,
5692,1.778151274,1.856343985,0.078192711,
2941,1.724275827,1.824002743,0.099726915,
10760,1.361727834,1.249308109,0.112419724,
5248,1.544068098,1.484420776,0.059647322,
362,1.653212547,1.539248824,0.113963723,
5880,1.886490703,1.798156142,0.08833456,
4732,1.785329819,1.710206509,0.07512331,
4255,1.56820178,1.352089405,0.216112375,
3953,1.556302547,1.639338374,0.083035827,
1325,2.021189213,1.532864094,0.488325119,
8871,1.414973378,1.428871036,0.013897657,
2499,1.919078112,1.987718105,0.068639994,
6233,1.361727834,1.369134545,0.007406712,
4355,2.287801743,2.27199769,0.015804052,
3338,1.361727834,1.308640718,0.053087115,
9341,1.518513918,1.47638917,0.042124748,
6118,2.004321337,2.145181894,0.140860558,
2582,0.954242527,0.556785941,0.397456586,
6136,1.991226077,1.990982294,0.000243783,
4120,1.20412004,1.481348753,0.277228713,
6253,1.491361737,1.498478293,0.007116556,
10705,0.69897002,1.017439127,0.318469107,
5704,1.176091313,1.615618467,0.439527154,
10885,2.178977013,2.199322939,0.020345926,
6186,1.56820178,1.63938272,0.07118094,
5548,1.799340606,1.745197892,0.054142714,
2760,1.462398052,1.365680456,0.096717596,
7641,1.361727834,1.453382969,0.091655135,
6756,1.146128058,1.12632668,0.019801378,
5135,1.322219253,1.362765551,0.040546298,
8135,1.414973378,1.407722831,0.007250547,
7627,2.060697794,2.000097275,0.060600519,
8921,0.90309,0.920960486,0.017870486,
8529,1.812913299,1.763333559,0.04957974,
10446,1.380211234,1.5606004,0.180389166,
4269,1.361727834,1.418378711,0.056650877,
6332,1.672097802,1.626511812,0.04558599,
2657,1.897627115,1.950640321,0.053013206,
1124,1.690196037,1.723101735,0.032905698,
8635,1.56820178,1.541007757,0.027194023,
8212,1.556302547,1.336459637,0.219842911,
10110,1.079181194,0.623899102,0.455282092,
4414,1.740362644,1.756980777,0.016618133,
2048,1.792391658,1.838497519,0.046105862,
9316,0.90309,1.105832696,0.202742696,
6794,0.69897002,0.656005681,0.042964339,
2411,1.431363821,1.461670756,0.030306935,
10971,1.880813599,1.750089407,0.130724192,
389,1.278753638,1.415594935,0.136841297,
8828,1.20412004,1.465632677,0.261512637,
5997,1.612783909,1.658126593,0.045342684,
9855,1.414973378,1.543468714,0.128495336,
5081,2.123851538,2.121641636,0.002209902,
4382,1.591064572,1.559488654,0.031575918,
9609,1.255272508,1.264384747,0.009112239,
4853,1.591064572,1.273290992,0.317773581,
1229,0.60206002,0.922854424,0.320794404,
9028,1.579783559,1.537037849,0.042745709,
8189,1.56820178,1.122170448,0.446031332,
7820,1.875061274,1.919746757,0.044685483,
5084,1.755874872,1.648088336,0.107786536,
9745,2.041392803,1.966481924,0.074910879,
5091,2.292256117,2.294701815,0.002445698,
8701,1.973127842,1.948156357,0.024971485,
3108,2.089905024,2.05083847,0.039066553,
3247,1.838849068,1.778614283,0.060234785,
10471,2.100370646,2.151246548,0.050875902,
718,1.20412004,1.12363553,0.080484509,
7548,1.77085197,1.755620241,0.015231729,
8545,1.812913299,1.908355594,0.095442295,
6180,1.556302547,1.58119607,0.024893522,
6033,1.934498429,1.838551998,0.095946431,
3186,1.176091313,1.220225334,0.044134021,
9045,1.041392684,1.438970566,0.397577882,
8809,1.20412004,1.17386806,0.03025198,
4664,1.80618,1.873682022,0.067502022,
10041,1.939519286,1.913576126,0.02594316,
8333,1.886490703,1.896756172,0.01026547,
3118,1.361727834,1.388360143,0.026632309,
9006,1.755874872,1.671201825,0.084673047,
3209,1.544068098,1.579138637,0.035070539,
5524,1.662757874,1.518855214,0.143902659,
9040,1.556302547,1.411515594,0.144786954,
1098,2.049217939,1.941008329,0.10820961,
2916,1.431363821,1.508203864,0.076840043,
8272,2.201397181,2.186344147,0.015053034,
1529,1.39794004,1.442591429,0.044651389,
8490,1.230448961,1.125499368,0.104949594,
8531,1.748188019,1.857034445,0.108846426,
10131,1.892094612,1.91587913,0.023784518,
7439,0.69897002,0.690238237,0.008731782,
296,2.017033339,2.121469498,0.104436159,
2522,2.09691,2.088255405,0.008654594,
5376,2.049217939,2.027294159,0.02192378,
4212,1.799340606,1.796008825,0.00333178,
10825,1.342422724,1.212422609,0.130000114,
1062,0.845098019,1.008891225,0.163793206,
2845,2.209515095,2.099537611,0.109977484,
3429,1.732393742,1.710912943,0.021480799,
2070,1.176091313,1.080084443,0.09600687,
8159,1.544068098,1.41480267,0.129265428,
6701,1.146128058,1.163355827,0.017227769,
10308,1.763427973,1.728166938,0.035261035,
5856,2.004321337,1.90238905,0.101932287,
4175,2.089905024,2.000758886,0.089146137,
4410,2.301029921,2.399207115,0.098177195,
3841,1.690196037,1.646073103,0.044122934,
10649,1.20412004,1.663905978,0.459785938,
8194,1.30103004,1.26919055,0.03183949,
1538,1.732393742,1.644418836,0.087974906,
6893,2.021189213,1.981719375,0.039469838,
1663,1.716003299,1.651320219,0.06468308,
540,0.954242527,0.948325574,0.005916953,
3931,1.785329819,1.730674505,0.054655313,
7010,1.995635152,1.892932415,0.102702737,
3883,1.653212547,1.816239238,0.16302669,
4647,1.447157979,1.274489641,0.172668338,
8749,1.556302547,1.565274,0.008971453,
10168,2.012837172,2.094670296,0.081833124,
5505,1.69896996,1.577373266,0.121596694,
10640,1.662757874,1.522597432,0.140160441,
920,1.146128058,1.440700054,0.294571996,
9815,1.39794004,1.678605914,0.280665874,
5944,1.176091313,1.339974761,0.163883448,
9438,1.146128058,1.535172343,0.389044285,
4064,1.56820178,1.499151468,0.069050312,
4431,1.176091313,1.389626861,0.213535547,
2504,1.113943338,1.300592303,0.186648965,
2903,1.60205996,1.567743421,0.03431654,
593,1.380211234,1.487357855,0.107146621,
6925,0.477121264,0.5020895,0.024968237,
8032,1.30103004,1.110990882,0.190039158,
6059,1.146128058,1.153452635,0.007324576,
9990,1.20412004,1.082823277,0.121296763,
9513,1.812913299,1.80889225,0.004021049,
9277,1.643452644,1.488290071,0.155162573,
210,1.591064572,1.414266229,0.176798344,
10888,1.732393742,1.867125511,0.13473177,
5836,1.90309,1.955779195,0.052689195,
10247,1.361727834,1.161421537,0.200306296,
6746,1.643452644,1.761403322,0.117950678,
4254,2.060697794,2.152509928,0.091812134,
697,1.643452644,1.560883164,0.08256948,
4935,1.041392684,1.013147593,0.028245091,
516,1.278753638,1.161069989,0.117683649,
7912,1.60205996,1.635575294,0.033515334,
1133,1,0.714140773,0.285859227,
5684,1.462398052,1.293889761,0.168508291,
6422,1.929418921,1.899432898,0.029986024,
3653,1.633468509,1.604932547,0.028535962,
2200,1.591064572,1.300879478,0.290185094,
5315,1.897627115,1.832492113,0.065135002,
5137,1.230448961,1.019696236,0.210752726,
1811,1.886490703,1.968099475,0.081608772,
2242,1.431363821,1.387172222,0.044191599,
8024,2.053078413,1.999307871,0.053770542,
10260,1.799340606,1.838473439,0.039132833,
4291,1.732393742,1.669413924,0.062979817,
3018,1,1.304767966,0.304767966,
6149,1.838849068,1.777169704,0.061679363,
4259,1.653212547,1.591650248,0.0615623,
2363,1.342422724,1.354034901,0.011612177,
7861,0.477121264,0.867533624,0.39041236,
10566,1.322219253,1.455858231,0.133638978,
6835,0.778151274,0.76828444,0.009866834,
10264,1.732393742,1.7982862,0.065892458,
9228,1.146128058,1.216295958,0.070167899,
10400,1.612783909,1.882940888,0.27015698,
3177,1.39794004,1.397460938,0.000479102,
8722,1.778151274,1.632547259,0.145604014,
4385,1.491361737,1.529594898,0.038233161,
2602,1.80618,1.739969969,0.066210032,
10608,2.235528469,2.327800989,0.09227252,
3807,1.919078112,1.920292735,0.001214623,
2979,1.531478882,1.471150875,0.060328007,
3595,1.30103004,1.572669029,0.271638989,
5745,1.176091313,1.209323645,0.033232331,
5634,1.176091313,1.136736155,0.039355159,
2224,1.531478882,1.471400976,0.060077906,
9267,1.041392684,1.077113152,0.035720468,
8111,1.897627115,1.765007615,0.1326195,
6377,1.785329819,1.909687281,0.124357462,
10366,2.086359739,1.818272591,0.268087149,
7188,1.968482971,1.942785382,0.025697589,
7987,2.068185806,2.06368494,0.004500866,
1316,1.819543958,1.849127293,0.029583335,
3034,1.90309,1.889163136,0.013926864,
4702,1.838849068,1.700367808,0.138481259,
5872,1.39794004,1.436416388,0.038476348,
3890,1.869231701,1.867869139,0.001362562,
6805,2.09691,2.116220713,0.019310713,
7487,1.556302547,1.51752007,0.038782477,
5382,1.681241274,1.607814908,0.073426366,
9747,1.230448961,1.32332921,0.092880249,
7995,1.60205996,1.519466877,0.082593083,
7055,1,0.967582464,0.032417536,
6661,1.799340606,1.867168188,0.067827582,
3102,1.740362644,1.780473709,0.040111065,
5592,1.380211234,1.331817269,0.048393965,
483,1.792391658,1.825624228,0.03323257,
1468,1.90309,1.811974287,0.091115713,
338,1.740362644,1.869340897,0.128978252,
799,1.491361737,1.184948206,0.306413531,
7147,0.30103001,0.588906884,0.287876874,
736,1.963787794,2.037735224,0.07394743,
212,1.56820178,1.491149187,0.077052593,
8193,1.380211234,1.497490168,0.117278934,
7157,1.322219253,1.283068419,0.039150834,
7728,1.505149961,1.543759823,0.038609862,
8143,2.07554698,1.999410987,0.076135993,
5982,1.431363821,1.402117491,0.02924633,
3390,2.033423662,2.053088903,0.019665241,
5016,1.431363821,1.622091055,0.190727234,
267,1.113943338,0.987235606,0.126707733,
6509,1.380211234,1.419862747,0.039651513,
7028,1.30103004,1.274566293,0.026463747,
831,1.924279332,1.977467299,0.053187966,
7788,1.041392684,1.182384014,0.14099133,
4017,1.255272508,1.358279586,0.103007078,
61,1.447157979,1.457808018,0.010650039,
4719,2.103803635,2.133518696,0.029715061,
5529,2.029383659,2.026009083,0.003374577,
8807,1.20412004,1.352256417,0.148136377,
8238,1.447157979,1.407302499,0.03985548,
10248,1.963787794,1.995393276,0.031605482,
6176,2.123851538,2.067118168,0.05673337,
780,1,1.205065608,0.205065608,
3336,1.826074839,1.908611059,0.082536221,
2908,1.255272508,1.310365915,0.055093408,
9038,1.342422724,1.514605761,0.172183037,
156,1.30103004,1.346142888,0.045112848,
8448,1.477121234,1.417197585,0.059923649,
7322,2,1.80210495,0.19789505,
10732,1.732393742,1.755181551,0.022787809,
668,1.623249292,1.735073447,0.111824155,
6249,1.812913299,1.85144484,0.038531542,
4374,1.477121234,1.483282566,0.006161332,
6427,2.296665192,2.263930321,0.032734871,
8124,1.612783909,1.55461967,0.058164239,
1615,1.255272508,0.993422449,0.261850059,
9917,1.944482684,1.988696575,0.044213891,
3742,1.380211234,1.406608343,0.026397109,
1414,1.462398052,1.417378902,0.04501915,
723,1.897627115,1.837523341,0.060103774,
1183,1.826074839,1.916293383,0.090218544,
9313,1.322219253,1.419831634,0.097612381,
7739,1.792391658,1.763312936,0.029078722,
3046,1.897627115,1.875147462,0.022479653,
10509,2.082785368,2.058552265,0.024233103,
6015,1.477121234,1.384847283,0.092273951,
3315,2.127104759,2.137928247,0.010823488,
9951,1.477121234,1.552228689,0.075107455,
5771,1.939519286,1.946264744,0.006745458,
4652,1.653212547,1.757687449,0.104474902,
4276,1.414973378,1.49619031,0.081216931,
4797,1.176091313,1.045534849,0.130556464,
1526,1.851258397,1.898243904,0.046985507,
3995,1.556302547,1.457008123,0.099294424,
3643,1.633468509,1.511862397,0.121606112,
4412,1.740362644,1.711852431,0.028510213,
8864,1.431363821,1.330023289,0.101340532,
1801,2.004321337,2.14784956,0.143528223,
289,1.591064572,1.637814283,0.046749711,
1294,1.924279332,1.9296031,0.005323768,
2683,1.113943338,1.106101871,0.007841468,
7796,1.707570195,1.704621792,0.002948403,
2131,1.079181194,1.257320642,0.178139448,
6169,1.986771703,2.040707827,0.053936124,
7097,0.778151274,1.302186728,0.524035454,
7564,1.77085197,1.81277895,0.04192698,
2953,1.740362644,1.693540096,0.046822548,
97,1.653212547,1.565265298,0.087947249,
1237,1.612783909,1.241805196,0.370978713,
773,1.361727834,1.408546686,0.046818852,
5328,1.518513918,1.617793441,0.099279523,
7483,1.414973378,1.346870542,0.068102837,
1430,2.045322895,2.038984537,0.006338358,
7677,1.579783559,1.623871207,0.044087648,
9994,1.342422724,1.390339136,0.047916412,
1396,1.60205996,1.632883191,0.030823231,
9539,1.041392684,1.075523615,0.034130931,
10536,1.491361737,1.528195739,0.036834002,
4169,1.556302547,1.540903926,0.015398622,
4760,1.322219253,1.363600254,0.041381001,
10391,1.176091313,1.190419197,0.014327884,
7886,1.431363821,1.489717484,0.058353662,
5111,1.60205996,1.538034201,0.06402576,
140,0.477121264,1.052367806,0.575246543,
7927,0.845098019,0.981113553,0.136015534,
5908,1.643452644,1.567131639,0.076321006,
10208,1.732393742,1.726727366,0.005666375,
1935,1.623249292,1.807761312,0.184512019,
421,1.863322854,1.833785057,0.029537797,
6148,1.462398052,1.4259094,0.036488652,
4289,1.230448961,1.428982973,0.198534012,
4788,1.505149961,1.497846007,0.007303953,
5571,1.447157979,1.26242733,0.184730649,
6098,1.361727834,1.58122921,0.219501376,
10787,1.230448961,1.44047606,0.210027099,
8758,1.56820178,1.68161726,0.11341548,
7243,1.113943338,1.13814497,0.024201632,
2596,1.255272508,1.281714201,0.026441693,
7348,1.56820178,1.568531752,0.000329971,
1008,1.653212547,1.70068419,0.047471642,
5517,1.462398052,1.433369637,0.029028416,
3796,1.919078112,1.784672379,0.134405732,
4778,1.431363821,1.716185331,0.28482151,
10447,1.20412004,1.177358866,0.026761174,
9201,1.462398052,1.201561093,0.260836959,
3784,1.662757874,1.750349402,0.087591529,
2173,1.462398052,1.450243115,0.012154937,
7532,1.380211234,1.535706997,0.155495763,
4861,1.924279332,1.932090282,0.00781095,
1206,0.477121264,0.626496196,0.149374932,
6523,1.414973378,1.660126925,0.245153546,
6816,1.431363821,1.395795345,0.035568476,
2296,1.934498429,1.970393658,0.035895228,
3179,1.255272508,1.410946369,0.155673862,
3806,1.477121234,1.494292021,0.017170787,
2333,1.414973378,1.37117517,0.043798208,
7120,1.518513918,1.48947084,0.029043078,
7975,1.278753638,1.270104766,0.008648872,
976,1.342422724,1.327155948,0.015266776,
1200,0.69897002,0.659772217,0.039197803,
4582,1.113943338,1.1150527,0.001109362,
3891,1.897627115,1.845369458,0.052257657,
1144,0.845098019,0.873798907,0.028700888,
7176,1.20412004,1.374204874,0.170084834,
3080,2.045322895,2.084769487,0.039446592,
2676,1.041392684,1.060243607,0.018850923,
7129,1.447157979,1.487073064,0.039915085,
9250,1,1.2203511,0.2203511,
3849,1.857332468,1.801218867,0.056113601,
3719,1.982271194,1.897086859,0.085184336,
4018,1.869231701,1.879795432,0.010563731,
2379,1.462398052,1.515108705,0.052710652,
6072,1.531478882,1.406680703,0.124798179,
3683,1.690196037,1.598479986,0.091716051,
4890,1.77085197,1.779521465,0.008669496,
10729,1.986771703,2.065858126,0.079086423,
2699,1.30103004,1.357360363,0.056330323,
9919,1.591064572,1.692084432,0.101019859,
4701,1.176091313,1.302530766,0.126439452,
10719,1.949390054,2.036614418,0.087224364,
1052,1.944482684,1.94622314,0.001740456,
3904,1.80618,1.803073406,0.003106594,
9643,1.531478882,1.492922664,0.038556218,
887,1.785329819,1.856687784,0.071357965,
7440,1.672097802,1.692314982,0.02021718,
3823,1.995635152,1.894989252,0.1006459,
5589,0.778151274,0.748384178,0.029767096,
5456,1.845098019,2.016798258,0.171700239,
7787,1.799340606,1.700212002,0.099128604,
845,1.146128058,1.090257645,0.055870414,
166,1.146128058,1.264334679,0.11820662,
3374,1.826074839,1.781432152,0.044642687,
8155,1.986771703,1.961997509,0.024774194,
9830,1.826074839,1.804781556,0.021293283,
3391,1.77085197,1.769009113,0.001842856,
164,1.20412004,1.18055582,0.023564219,
9894,1.681241274,1.740350604,0.05910933,
6400,1.973127842,1.839482069,0.133645773,
8253,1.176091313,1.187669992,0.011578679,
10815,1.30103004,1.536258459,0.235228419,
10516,1.342422724,1.457123518,0.114700794,
7115,1.30103004,1.344456792,0.043426752,
10845,1.623249292,1.734481692,0.1112324,
10118,1.643452644,1.73471725,0.091264606,
5457,1.60205996,1.614454985,0.012395024,
858,1.740362644,1.679283857,0.061078787,
5295,1.531478882,1.629234076,0.097755194,
2945,1.447157979,1.468435764,0.021277785,
7663,0.778151274,0.981268883,0.203117609,
108,1.633468509,1.590564251,0.042904258,
9407,1.380211234,1.35535121,0.024860024,
2917,1.477121234,1.490232706,0.013111472,
9148,1.792391658,1.756622314,0.035769343,
5640,1.322219253,1.348931789,0.026712537,
2161,1.255272508,1.345008254,0.089735746,
2642,1.176091313,1.614221931,0.438130617,
7707,1.612783909,1.566340685,0.046443224,
6494,2.017033339,1.995519519,0.02151382,
6042,2.103803635,2.086681366,0.017122269,
5720,1.113943338,1.299975395,0.186032057,
9085,1.579783559,1.46796608,0.111817479,
10379,1.662757874,1.72163856,0.058880687,
1563,1.90309,1.950660229,0.047570229,
344,1.77085197,1.746521711,0.024330258,
10836,1.146128058,1.254271746,0.108143687,
9973,1.255272508,1.422957063,0.167684555,
8694,1.579783559,1.704600811,0.124817252,
316,1.748188019,1.734094977,0.014093041,
6647,1.77085197,1.811362743,0.040510774,
4605,1.690196037,1.66962266,0.020573378,
9190,0.778151274,0.848167777,0.070016503,
859,1.431363821,1.50726378,0.075899959,
3380,1.505149961,1.581144094,0.075994134,
1050,1.255272508,1.242823124,0.012449384,
1741,1.959041357,1.985024571,0.025983214,
171,1.176091313,0.983176053,0.192915261,
5636,1.30103004,1.49247551,0.19144547,
1533,1.079181194,1.257872105,0.17869091,
7287,1.740362644,1.703212023,0.037150621,
4046,1.342422724,1.408323288,0.065900564,
3482,1.544068098,1.56285727,0.018789172,
8077,1.612783909,1.417451978,0.195331931,
1930,1.838849068,1.966308832,0.127459764,
2128,1.518513918,1.538535833,0.020021915,
7075,1.380211234,1.407874703,0.027663469,
5250,1.716003299,1.74486661,0.028863311,
8295,1.633468509,1.664668441,0.031199932,
9508,1.518513918,1.497973442,0.020540476,
1700,0.60206002,0.793440223,0.191380203,
5066,1.869231701,1.835860848,0.033370852,
8654,1.505149961,1.489554167,0.015595794,
9500,1.90309,2.121536255,0.218446255,
10918,1.851258397,1.877776861,0.026518464,
3330,1.778151274,1.765928745,0.012222528,
3470,1.755874872,1.778632879,0.022758007,
2106,1.39794004,1.560694456,0.162754416,
4016,1.755874872,1.770860195,0.014985323,
569,1.342422724,1.490127087,0.147704363,
5916,2.017033339,2.028066158,0.01103282,
7349,1.544068098,1.532575011,0.011493087,
1035,1.892094612,1.839532971,0.052561641,
3867,1.462398052,1.456145644,0.006252408,
2598,0.90309,0.823237956,0.079852045,
1715,1.518513918,1.461472511,0.057041407,
866,1.579783559,1.348707199,0.23107636,
7897,1.146128058,1.311510801,0.165382743,
9797,1.431363821,1.587477922,0.156114101,
4985,1.785329819,1.793344855,0.008015037,
10325,1.579783559,1.536377311,0.043406248,
9553,2.22271657,2.310876369,0.0881598,
5335,2.045322895,2.034374714,0.010948181,
7844,1.079181194,0.959675908,0.119505286,
7954,1.491361737,1.59267652,0.101314783,
281,1.643452644,1.505327582,0.138125062,
7829,2.017033339,2.037648201,0.020614862,
4533,0.60206002,0.797998607,0.195938587,
7390,0.60206002,0.743545771,0.141485751,
3597,1.414973378,1.543889284,0.128915906,
8269,0.477121264,0.448771954,0.02834931,
2124,1.880813599,1.893511534,0.012697935,
6486,1.518513918,1.596142054,0.077628136,
8878,1.342422724,1.390532136,0.048109412,
1238,0.69897002,0.814853966,0.115883946,
7343,1.278753638,1.239071488,0.03968215,
6937,1.556302547,1.547062993,0.009239554,
8767,1.505149961,1.439968228,0.065181732,
8286,2.079181194,2.026339531,0.052841663,
8785,2.025305748,1.969455123,0.055850625,
8331,1.995635152,1.981336117,0.014299035,
7314,1.505149961,1.558193445,0.053043485,
4904,1.959041357,1.960519671,0.001478314,
978,2.139878988,2.046446323,0.093432665,
5918,1.505149961,1.321778417,0.183371544,
6638,1.176091313,1.172684431,0.003406882,
10782,1.30103004,1.18222928,0.118800759,
3672,1.278753638,1.478104591,0.199350953,
6749,1.740362644,1.792238474,0.05187583,
3317,2.004321337,1.961384296,0.04293704,
1539,1.431363821,1.306912899,0.124450922,
7549,2.130333662,2.217735767,0.087402105,
2343,1.146128058,1.087885618,0.05824244,
10740,1.414973378,1.670115352,0.255141973,
2771,1.462398052,1.461920261,0.000477791,
903,1.462398052,1.48266232,0.020264268,
1369,1.30103004,1.350509763,0.049479723,
526,1.672097802,1.516247034,0.155850768,
2118,2,1.99694097,0.00305903,
1763,1.785329819,1.850247502,0.064917684,
7589,2.004321337,2.006424189,0.002102852,
9410,2,1.981979847,0.018020153,
5486,1.643452644,1.570739031,0.072713614,
8356,1.518513918,1.272843361,0.245670557,
8476,1.591064572,1.444653869,0.146410704,
1072,1.785329819,1.857170105,0.071840286,
5444,1.857332468,1.827540398,0.02979207,
4213,1.60205996,1.595760822,0.006299138,
4550,1.949390054,1.86474812,0.084641933,
4186,1.707570195,1.576778054,0.130792141,
7785,1.785329819,1.777428985,0.007900834,
9626,1.431363821,1.554759979,0.123396158,
6888,2.008600235,1.889170408,0.119429827,
5079,1.672097802,1.643678069,0.028419733,
8780,1.20412004,1.039568186,0.164551854,
8489,1.56820178,1.753554821,0.185353041,
758,1.929418921,1.958659053,0.029240131,
2064,0.845098019,0.636758745,0.208339274,
2861,0.69897002,0.981361091,0.282391071,
6450,1.778151274,1.723013163,0.055138111,
2756,1.623249292,1.595510364,0.027738929,
10661,1.255272508,1.683240414,0.427967906,
4958,1.740362644,1.336825132,0.403537512,
1027,1.447157979,1.437430024,0.009727955,
535,1.838849068,1.79678607,0.042062998,
5325,1.60205996,1.604385018,0.002325058,
9911,2.093421698,2.07404542,0.019376278,
6526,1.77085197,1.701820135,0.069031835,
1582,1.748188019,1.646195292,0.101992726,
5391,1.690196037,1.607568026,0.082628012,
179,1.255272508,1.288129091,0.032856584,
2049,1.799340606,1.727113366,0.07222724,
7776,1.079181194,1.096576571,0.017395377,
1023,2.004321337,1.961565256,0.042756081,
3038,1.80618,1.81755805,0.01137805,
1277,1.278753638,1.160730839,0.118022799,
7931,1.146128058,1.40712893,0.261000872,
2202,1.531478882,1.496332645,0.035146236,
10175,1.716003299,1.777192354,0.061189055,
3255,1.414973378,1.74121511,0.326241732,
5178,1.869231701,1.888652444,0.019420743,
6131,1.414973378,1.443372488,0.02839911,
856,1.041392684,1.026319742,0.015072942,
5668,1.414973378,1.522313476,0.107340097,
10947,1.518513918,1.449527264,0.068986654,
10455,1.869231701,1.806333303,0.062898397,
10820,1.591064572,1.986231804,0.395167232,
5765,1.342422724,1.223762035,0.118660688,
9351,1.531478882,1.362820148,0.168658733,
2682,1.431363821,1.311621308,0.119742513,
1063,0.954242527,0.955813348,0.001570821,
2854,1.778151274,1.645640016,0.132511258,
4005,1.875061274,1.854596257,0.020465016,
5169,2.056904793,2.138200521,0.081295729,
8392,1.39794004,1.231980324,0.165959716,
9420,0,0.142620802,0.142620802,
2102,1.959041357,1.880074024,0.078967333,
9517,1.544068098,1.442351103,0.101716995,
4353,1.462398052,1.370804906,0.091593146,
6543,1.934498429,1.920687079,0.01381135,
7473,1.690196037,1.759545088,0.069349051,
7224,1.740362644,1.93479526,0.194432616,
8420,1.748188019,1.724708796,0.023479223,
2183,1.924279332,1.883291125,0.040988207,
985,1.278753638,1.263001919,0.015751719,
5317,1.30103004,1.298111081,0.002918959,
6990,1.146128058,1.076264262,0.069863796,
9700,1.799340606,1.847018719,0.047678113,
6865,1.56820178,1.541639686,0.026562095,
1464,1.863322854,1.81352818,0.049794674,
1659,1.414973378,1.401945949,0.01302743,
6550,1.431363821,1.42516768,0.006196141,
2204,2.264817715,2.253679514,0.011138201,
930,1.77085197,1.89659512,0.125743151,
2086,2,1.987009883,0.012990117,
8343,1.146128058,1.074853897,0.071274161,
4641,0.69897002,0.93802923,0.23905921,
7264,1.740362644,1.730545402,0.009817243,
5344,1.361727834,1.480139017,0.118411183,
4345,1.431363821,1.486164927,0.054801106,
10864,1.531478882,1.64205575,0.110576868,
